myid,depot,eff_date,day,pullout2,swingdur,swingdursec,runno,start,arrive,finish,worktime,pay,leave,r1,b1,potype1,pot1,pitype1,pit1,stime1,stimeint1,start22,r2,b2,potype2,pot2,pitype2,pit2,stime2,stimeint2,start23,r3,b3,potype3,pot3,pitype3,pit3,stime3,stimeint3,start24,r4,b4,potype4,pot4,pitype4,pit4,stime4,stimeint4,start25,r5,b5,potype5,pot5,pitype5,pit5,stime5,stimeint5,start26,r6,b6,potype6,pot6,pitype6,pit6,stime6,stimeint6,start27,r7,b7,potype7,pot7,pitype7,pit7,stime7,stimeint7,start28,r8,b8,potype8,pot8,pitype8,pit8,stime8,stimeint8,start29,r9,b9,potype9,pot9,pitype9,pit9,stime9,stimeint9,start210,r10,b10,potype10,pot10,pitype10,pit10,stime10,stimeint10,sum1,sum12,sum2,sum22,sum3,sum32,sum4,sum42,sum5,sum52,sum6,sum62,sum7,sum72,sum8,sum82,sum9,sum92,sum10,sum102
ElmwoodWeekday1,Elmwood,2-23-2026,Weekday,,,,1,2023-10-11 4:19 AM,2:25,2023-10-11 2:25 PM,9:56,10.9,,T2,8201,O,4:32 AM,RW,1:50 PM,9:18,558,,,,,,,,,,,,,,,,,,,,,,,,,,,,,,,,,,,,,,,,,,,,,,,,,,,,,,,,,,,,,,,,,,,,,,,,,,,,,,,,,,RTE: T2 SCHD: 9:18,--> O: 04:32 AM > RW: 01:50 PM,,,,,,,,,,,,,,,,,,
ElmwoodWeekday2,Elmwood,2-23-2026,Weekday,,,,2,2023-10-11 4:42 AM,,2023-10-11 2:03 PM,9:11,9.8,,T2,8202,O,4:55 AM,I,2:00 PM,9:05,545,,,,,,,,,,,,,,,,,,,,,,,,,,,,,,,,,,,,,,,,,,,,,,,,,,,,,,,,,,,,,,,,,,,,,,,,,,,,,,,,,,RTE: T2 SCHD: 9:05,--> O: 04:55 AM > I: 02:00 PM,,,,,,,,,,,,,,,,,,
ElmwoodWeekday3,Elmwood,2-23-2026,Weekday,,,,3,2023-10-11 5:09 AM,,2023-10-11 1:20 PM,8:01,8,,T2,8204,O,5:22 AM,I,1:17 PM,7:55,475,,,,,,,,,,,,,,,,,,,,,,,,,,,,,,,,,,,,,,,,,,,,,,,,,,,,,,,,,,,,,,,,,,,,,,,,,,,,,,,,,,RTE: T2 SCHD: 7:55,--> O: 05:22 AM > I: 01:17 PM,,,,,,,,,,,,,,,,,,
ElmwoodWeekday4,Elmwood,2-23-2026,Weekday,,,,4,2023-10-11 5:19 AM,2:15,2023-10-11 2:15 PM,8:46,9.2,,T2,8205,O,5:32 AM,RW,1:40 PM,8:08,488,,,,,,,,,,,,,,,,,,,,,,,,,,,,,,,,,,,,,,,,,,,,,,,,,,,,,,,,,,,,,,,,,,,,,,,,,,,,,,,,,,RTE: T2 SCHD: 8:08,--> O: 05:32 AM > RW: 01:40 PM,,,,,,,,,,,,,,,,,,
ElmwoodWeekday5,Elmwood,2-23-2026,Weekday,,,,5,2023-10-11 5:53 AM,,2023-10-11 2:11 PM,8:08,8.2,,T2,8207,O,6:06 AM,I,2:08 PM,8:02,482,,,,,,,,,,,,,,,,,,,,,,,,,,,,,,,,,,,,,,,,,,,,,,,,,,,,,,,,,,,,,,,,,,,,,,,,,,,,,,,,,,RTE: T2 SCHD: 8:02,--> O: 06:06 AM > I: 02:08 PM,,,,,,,,,,,,,,,,,,
ElmwoodWeekday6,Elmwood,2-23-2026,Weekday,,,,6,2023-10-11 6:08 AM,3:16,2023-10-11 3:16 PM,8:58,9.5,,T2,8208,O,6:21 AM,RW,2:41 PM,8:20,500,,,,,,,,,,,,,,,,,,,,,,,,,,,,,,,,,,,,,,,,,,,,,,,,,,,,,,,,,,,,,,,,,,,,,,,,,,,,,,,,,,RTE: T2 SCHD: 8:20,--> O: 06:21 AM > RW: 02:41 PM,,,,,,,,,,,,,,,,,,
ElmwoodWeekday7,Elmwood,2-23-2026,Weekday,1:21 PM,3Hrs 50Min,13800,7,2023-10-11 4:54 AM,4:25,2023-10-11 4:25 PM,7:31,8.4,,T2,8203,O,5:07 AM,I,9:31 AM,4:24,264,1:11,T2,8216,O,1:21 PM,RW,3:50 PM,2:29,149,,,,,,,,,,,,,,,,,,,,,,,,,,,,,,,,,,,,,,,,,,,,,,,,,,,,,,,,,,,,,,,,,,,,,,,,,RTE: T2 SCHD: 4:24,--> O: 05:07 AM > I: 09:31 AM,RTE: T2 SCHD: 2:29,--> O: 01:21 PM > RW: 03:50 PM,,,,,,,,,,,,,,,,
ElmwoodWeekday8,Elmwood,2-23-2026,Weekday,3:16 PM,4Hrs 53Min,17580,8,2023-10-11 5:41 AM,,2023-10-11 5:47 PM,7:03,8.5,,T2,8206,O,5:54 AM,I,10:23 AM,4:29,269,3:06,T5,8271,O,3:16 PM,I,5:44 PM,2:28,148,,,,,,,,,,,,,,,,,,,,,,,,,,,,,,,,,,,,,,,,,,,,,,,,,,,,,,,,,,,,,,,,,,,,,,,,,RTE: T2 SCHD: 4:29,--> O: 05:54 AM > I: 10:23 AM,RTE: T5 SCHD: 2:28,--> O: 03:16 PM > I: 05:44 PM,,,,,,,,,,,,,,,,
ElmwoodWeekday9,Elmwood,2-23-2026,Weekday,12:54 PM,3Hrs 3Min,10980,9,2023-10-11 6:15 AM,,2023-10-11 6:05 PM,8:47,10.3,,T2,8209,O,6:28 AM,I,9:51 AM,3:23,203,12:44,T4,8108,RW,12:54 PM,I,6:02 PM,5:08,308,,,,,,,,,,,,,,,,,,,,,,,,,,,,,,,,,,,,,,,,,,,,,,,,,,,,,,,,,,,,,,,,,,,,,,,,,RTE: T2 SCHD: 3:23,--> O: 06:28 AM > I: 09:51 AM,RTE: T4 SCHD: 5:08,--> RW: 12:54 PM > I: 06:02 PM,,,,,,,,,,,,,,,,
ElmwoodWeekday10,Elmwood,2-23-2026,Weekday,3:29 PM,3Hrs 49Min,13740,10,2023-10-11 6:39 AM,,2023-10-11 6:29 PM,8:26,9.8,,T2,8211,O,6:52 AM,RW,11:40 AM,4:48,288,3:19,T3,8170,O,3:29 PM,I,6:26 PM,2:57,177,,,,,,,,,,,,,,,,,,,,,,,,,,,,,,,,,,,,,,,,,,,,,,,,,,,,,,,,,,,,,,,,,,,,,,,,,RTE: T2 SCHD: 4:48,--> O: 06:52 AM > RW: 11:40 AM,RTE: T3 SCHD: 2:57,--> O: 03:29 PM > I: 06:26 PM,,,,,,,,,,,,,,,,
ElmwoodWeekday11,Elmwood,2-23-2026,Weekday,12:48 PM,2Hrs 47Min,10020,11,2023-10-11 6:28 AM,,2023-10-11 6:36 PM,9:16,11.4,,T2,8210,O,6:41 AM,I,10:01 AM,3:20,200,12:43,T5,8263,RW,12:48 PM,I,6:33 PM,5:45,345,,,,,,,,,,,,,,,,,,,,,,,,,,,,,,,,,,,,,,,,,,,,,,,,,,,,,,,,,,,,,,,,,,,,,,,,,RTE: T2 SCHD: 3:20,--> O: 06:41 AM > I: 10:01 AM,RTE: T5 SCHD: 5:45,--> RW: 12:48 PM > I: 06:33 PM,,,,,,,,,,,,,,,,
ElmwoodWeekday12,Elmwood,2-23-2026,Weekday,12:34 PM,3Hrs 13Min,11580,12,2023-10-11 6:57 AM,,2023-10-11 7:21 PM,9:11,11.6,,T2,8212,O,7:10 AM,I,9:21 AM,2:11,131,12:24,T4,8107,RW,12:34 PM,I,7:18 PM,6:44,404,,,,,,,,,,,,,,,,,,,,,,,,,,,,,,,,,,,,,,,,,,,,,,,,,,,,,,,,,,,,,,,,,,,,,,,,,RTE: T2 SCHD: 2:11,--> O: 07:10 AM > I: 09:21 AM,RTE: T4 SCHD: 6:44,--> RW: 12:34 PM > I: 07:18 PM,,,,,,,,,,,,,,,,
ElmwoodWeekday13,Elmwood,2-23-2026,Weekday,,,,13,2023-10-11 11:02 AM,,2023-10-11 8:02 PM,9:00,9.5,,T2,8211,RW,11:40 AM,I,7:59 PM,8:19,499,,,,,,,,,,,,,,,,,,,,,,,,,,,,,,,,,,,,,,,,,,,,,,,,,,,,,,,,,,,,,,,,,,,,,,,,,,,,,,,,,,RTE: T2 SCHD: 8:19,--> RW: 11:40 AM > I: 07:59 PM,,,,,,,,,,,,,,,,,,
ElmwoodWeekday14,Elmwood,2-23-2026,Weekday,,,,14,2023-10-11 12:06 PM,,2023-10-11 8:41 PM,8:25,8.6,,T2,8213,O,12:19 PM,I,8:38 PM,8:19,499,,,,,,,,,,,,,,,,,,,,,,,,,,,,,,,,,,,,,,,,,,,,,,,,,,,,,,,,,,,,,,,,,,,,,,,,,,,,,,,,,,RTE: T2 SCHD: 8:19,--> O: 12:19 PM > I: 08:38 PM,,,,,,,,,,,,,,,,,,
ElmwoodWeekday15,Elmwood,2-23-2026,Weekday,,,,15,2023-10-11 12:49 PM,,2023-10-11 10:27 PM,9:28,10.2,,T2,8214,O,1:02 PM,I,10:24 PM,9:22,562,,,,,,,,,,,,,,,,,,,,,,,,,,,,,,,,,,,,,,,,,,,,,,,,,,,,,,,,,,,,,,,,,,,,,,,,,,,,,,,,,,RTE: T2 SCHD: 9:22,--> O: 01:02 PM > I: 10:24 PM,,,,,,,,,,,,,,,,,,
ElmwoodWeekday16,Elmwood,2-23-2026,Weekday,,,,16,2023-10-11 2:52 PM,,2023-10-12 12:05 AM,9:03,9.6,,T2,8219,O,3:05 PM,I,12:02 AM,8:57,537,,,,,,,,,,,,,,,,,,,,,,,,,,,,,,,,,,,,,,,,,,,,,,,,,,,,,,,,,,,,,,,,,,,,,,,,,,,,,,,,,,RTE: T2 SCHD: 8:57,--> O: 03:05 PM > I: 12:02 AM,,,,,,,,,,,,,,,,,,
ElmwoodWeekday16,Elmwood,2-23-2026,Weekday,,,,16,2023-10-11 2:52 PM,,2023-10-12 12:05 AM,9:03,9.6,,T2,8219,O,3:05 PM,I,12:02 AM,8:57,537,,,,,,,,,,,,,,,,,,,,,,,,,,,,,,,,,,,,,,,,,,,,,,,,,,,,,,,,,,,,,,,,,,,,,,,,,,,,,,,,,,RTE: T2 SCHD: 8:57,--> O: 03:05 PM > I: 12:02 AM,,,,,,,,,,,,,,,,,,
ElmwoodWeekday17,Elmwood,2-23-2026,Weekday,,,,17,2023-10-11 3:12 PM,,2023-10-12 1:50 AM,10:38,12,,T2,8216,RW,3:50 PM,I,1:47 AM,9:57,597,,,,,,,,,,,,,,,,,,,,,,,,,,,,,,,,,,,,,,,,,,,,,,,,,,,,,,,,,,,,,,,,,,,,,,,,,,,,,,,,,,RTE: T2 SCHD: 9:57,--> RW: 03:50 PM > I: 01:47 AM,,,,,,,,,,,,,,,,,,
ElmwoodWeekday17,Elmwood,2-23-2026,Weekday,,,,17,2023-10-11 3:12 PM,,2023-10-12 1:50 AM,10:38,12,,T2,8216,RW,3:50 PM,I,1:47 AM,9:57,597,,,,,,,,,,,,,,,,,,,,,,,,,,,,,,,,,,,,,,,,,,,,,,,,,,,,,,,,,,,,,,,,,,,,,,,,,,,,,,,,,,RTE: T2 SCHD: 9:57,--> RW: 03:50 PM > I: 01:47 AM,,,,,,,,,,,,,,,,,,
ElmwoodWeekday18,Elmwood,2-23-2026,Weekday,,,,18,2023-10-11 3:55 PM,,2023-10-12 2:21 AM,10:26,11.7,,T2,8220,RW,4:33 PM,I,2:18 AM,9:45,585,,,,,,,,,,,,,,,,,,,,,,,,,,,,,,,,,,,,,,,,,,,,,,,,,,,,,,,,,,,,,,,,,,,,,,,,,,,,,,,,,,RTE: T2 SCHD: 9:45,--> RW: 04:33 PM > I: 02:18 AM,,,,,,,,,,,,,,,,,,
ElmwoodWeekday18,Elmwood,2-23-2026,Weekday,,,,18,2023-10-11 3:55 PM,,2023-10-12 2:21 AM,10:26,11.7,,T2,8220,RW,4:33 PM,I,2:18 AM,9:45,585,,,,,,,,,,,,,,,,,,,,,,,,,,,,,,,,,,,,,,,,,,,,,,,,,,,,,,,,,,,,,,,,,,,,,,,,,,,,,,,,,,RTE: T2 SCHD: 9:45,--> RW: 04:33 PM > I: 02:18 AM,,,,,,,,,,,,,,,,,,
ElmwoodWeekday501,Elmwood,2-23-2026,Weekday,,,,501,2023-10-11 12:27 AM,,2023-10-11 9:37 AM,9:00,9.5,,T3,8151,O,12:40 AM,I,9:34 AM,8:54,534,,,,,,,,,,,,,,,,,,,,,,,,,,,,,,,,,,,,,,,,,,,,,,,,,,,,,,,,,,,,,,,,,,,,,,,,,,,,,,,,,,RTE: T3 SCHD: 8:54,--> O: 12:40 AM > I: 09:34 AM,,,,,,,,,,,,,,,,,,
ElmwoodWeekday501,Elmwood,2-23-2026,Weekday,,,,501,2023-10-11 12:27 AM,,2023-10-11 9:37 AM,9:00,9.5,,T3,8151,O,12:40 AM,I,9:34 AM,8:54,534,,,,,,,,,,,,,,,,,,,,,,,,,,,,,,,,,,,,,,,,,,,,,,,,,,,,,,,,,,,,,,,,,,,,,,,,,,,,,,,,,,RTE: T3 SCHD: 8:54,--> O: 12:40 AM > I: 09:34 AM,,,,,,,,,,,,,,,,,,
ElmwoodWeekday502,Elmwood,2-23-2026,Weekday,,,,502,2023-10-11 1:03 AM,,2023-10-11 10:26 AM,9:13,9.8,,T3,8152,O,1:16 AM,I,10:23 AM,9:07,547,,,,,,,,,,,,,,,,,,,,,,,,,,,,,,,,,,,,,,,,,,,,,,,,,,,,,,,,,,,,,,,,,,,,,,,,,,,,,,,,,,RTE: T3 SCHD: 9:07,--> O: 01:16 AM > I: 10:23 AM,,,,,,,,,,,,,,,,,,
ElmwoodWeekday502,Elmwood,2-23-2026,Weekday,,,,502,2023-10-11 1:03 AM,,2023-10-11 10:26 AM,9:13,9.8,,T3,8152,O,1:16 AM,I,10:23 AM,9:07,547,,,,,,,,,,,,,,,,,,,,,,,,,,,,,,,,,,,,,,,,,,,,,,,,,,,,,,,,,,,,,,,,,,,,,,,,,,,,,,,,,,RTE: T3 SCHD: 9:07,--> O: 01:16 AM > I: 10:23 AM,,,,,,,,,,,,,,,,,,
ElmwoodWeekday503,Elmwood,2-23-2026,Weekday,,,,503,2023-10-11 4:22 AM,12:39,2023-10-11 12:39 PM,8:07,8.2,,T3,8153,O,4:35 AM,RW,12:04 PM,7:29,449,,,,,,,,,,,,,,,,,,,,,,,,,,,,,,,,,,,,,,,,,,,,,,,,,,,,,,,,,,,,,,,,,,,,,,,,,,,,,,,,,,RTE: T3 SCHD: 7:29,--> O: 04:35 AM > RW: 12:04 PM,,,,,,,,,,,,,,,,,,
ElmwoodWeekday504,Elmwood,2-23-2026,Weekday,,,,504,2023-10-11 5:00 AM,1:29,2023-10-11 1:29 PM,8:19,8.5,,T3,8154,O,5:13 AM,RW,12:54 PM,7:41,461,,,,,,,,,,,,,,,,,,,,,,,,,,,,,,,,,,,,,,,,,,,,,,,,,,,,,,,,,,,,,,,,,,,,,,,,,,,,,,,,,,RTE: T3 SCHD: 7:41,--> O: 05:13 AM > RW: 12:54 PM,,,,,,,,,,,,,,,,,,
ElmwoodWeekday505,Elmwood,2-23-2026,Weekday,,,,505,2023-10-11 6:09 AM,2:39,2023-10-11 2:39 PM,8:20,8.5,,T3,8158,O,6:22 AM,RW,2:04 PM,7:42,462,,,,,,,,,,,,,,,,,,,,,,,,,,,,,,,,,,,,,,,,,,,,,,,,,,,,,,,,,,,,,,,,,,,,,,,,,,,,,,,,,,RTE: T3 SCHD: 7:42,--> O: 06:22 AM > RW: 02:04 PM,,,,,,,,,,,,,,,,,,
ElmwoodWeekday506,Elmwood,2-23-2026,Weekday,1:40 PM,1Hrs 6Min,3960,506,2023-10-11 6:02 AM,3:36,2023-10-11 3:36 PM,8:18,8.7,,T3,8157,O,6:15 AM,RW,12:34 PM,6:19,379,,T2,8205,RW,1:40 PM,RW,3:01 PM,1:21,81,,,,,,,,,,,,,,,,,,,,,,,,,,,,,,,,,,,,,,,,,,,,,,,,,,,,,,,,,,,,,,,,,,,,,,,,,RTE: T3 SCHD: 6:19,--> O: 06:15 AM > RW: 12:34 PM,RTE: T2 SCHD: 1:21,--> RW: 01:40 PM > RW: 03:01 PM,,,,,,,,,,,,,,,,
ElmwoodWeekday507,Elmwood,2-23-2026,Weekday,11:08 AM,1Hrs 19Min,4740,507,2023-10-11 5:27 AM,3:44,2023-10-11 3:44 PM,8:53,9.6,,T3,8155,O,5:40 AM,I,9:49 AM,4:09,249,11:03,T5,8262,RW,11:08 AM,RW,3:39 PM,4:31,271,,,,,,,,,,,,,,,,,,,,,,,,,,,,,,,,,,,,,,,,,,,,,,,,,,,,,,,,,,,,,,,,,,,,,,,,,RTE: T3 SCHD: 4:09,--> O: 05:40 AM > I: 09:49 AM,RTE: T5 SCHD: 4:31,--> RW: 11:08 AM > RW: 03:39 PM,,,,,,,,,,,,,,,,
ElmwoodWeekday508,Elmwood,2-23-2026,Weekday,2:27 PM,4Hrs 16Min,15360,508,2023-10-11 5:47 AM,,2023-10-11 5:45 PM,7:32,8.8,,T3,8156,O,6:00 AM,I,10:11 AM,4:11,251,2:17,T4,8111,O,2:27 PM,I,5:42 PM,3:15,195,,,,,,,,,,,,,,,,,,,,,,,,,,,,,,,,,,,,,,,,,,,,,,,,,,,,,,,,,,,,,,,,,,,,,,,,,RTE: T3 SCHD: 4:11,--> O: 06:00 AM > I: 10:11 AM,RTE: T4 SCHD: 3:15,--> O: 02:27 PM > I: 05:42 PM,,,,,,,,,,,,,,,,
ElmwoodWeekday509,Elmwood,2-23-2026,Weekday,2:16 PM,3Hrs 29Min,12540,509,2023-10-11 6:21 AM,,2023-10-11 6:07 PM,8:07,9.3,,T3,8159,O,6:34 AM,I,10:47 AM,4:13,253,2:06,T5,8266,O,2:16 PM,I,6:04 PM,3:48,228,,,,,,,,,,,,,,,,,,,,,,,,,,,,,,,,,,,,,,,,,,,,,,,,,,,,,,,,,,,,,,,,,,,,,,,,,RTE: T3 SCHD: 4:13,--> O: 06:34 AM > I: 10:47 AM,RTE: T5 SCHD: 3:48,--> O: 02:16 PM > I: 06:04 PM,,,,,,,,,,,,,,,,
ElmwoodWeekday510,Elmwood,2-23-2026,Weekday,3:17 PM,4Hrs 11Min,15060,510,2023-10-11 6:39 AM,,2023-10-11 6:20 PM,7:20,8.4,,T3,8161,O,6:52 AM,I,11:06 AM,4:14,254,3:07,T3,8169,O,3:17 PM,I,6:17 PM,3:00,180,,,,,,,,,,,,,,,,,,,,,,,,,,,,,,,,,,,,,,,,,,,,,,,,,,,,,,,,,,,,,,,,,,,,,,,,,RTE: T3 SCHD: 4:14,--> O: 06:52 AM > I: 11:06 AM,RTE: T3 SCHD: 3:00,--> O: 03:17 PM > I: 06:17 PM,,,,,,,,,,,,,,,,
ElmwoodWeekday511,Elmwood,2-23-2026,Weekday,3:42 PM,3Hrs 58Min,14280,511,2023-10-11 6:33 AM,,2023-10-11 6:39 PM,8:33,10.3,,T3,8160,O,6:46 AM,RW,11:44 AM,4:58,298,3:32,T3,8171,O,3:42 PM,I,6:36 PM,2:54,174,,,,,,,,,,,,,,,,,,,,,,,,,,,,,,,,,,,,,,,,,,,,,,,,,,,,,,,,,,,,,,,,,,,,,,,,,RTE: T3 SCHD: 4:58,--> O: 06:46 AM > RW: 11:44 AM,RTE: T3 SCHD: 2:54,--> O: 03:42 PM > I: 06:36 PM,,,,,,,,,,,,,,,,
ElmwoodWeekday512,Elmwood,2-23-2026,Weekday,2:04 PM,1Hrs 50Min,6600,512,2023-10-11 7:02 AM,,2023-10-11 6:56 PM,9:54,12.1,,T3,8163,O,7:15 AM,RW,12:14 PM,4:59,299,,T3,8158,RW,2:04 PM,I,6:53 PM,4:49,289,,,,,,,,,,,,,,,,,,,,,,,,,,,,,,,,,,,,,,,,,,,,,,,,,,,,,,,,,,,,,,,,,,,,,,,,,RTE: T3 SCHD: 4:59,--> O: 07:15 AM > RW: 12:14 PM,RTE: T3 SCHD: 4:49,--> RW: 02:04 PM > I: 06:53 PM,,,,,,,,,,,,,,,,
ElmwoodWeekday513,Elmwood,2-23-2026,Weekday,12:54 PM,3Hrs 0Min,10800,513,2023-10-11 6:51 AM,,2023-10-11 7:03 PM,9:37,12,,T3,8162,O,7:04 AM,I,9:54 AM,2:50,170,12:19,T3,8154,RW,12:54 PM,I,7:00 PM,6:06,366,,,,,,,,,,,,,,,,,,,,,,,,,,,,,,,,,,,,,,,,,,,,,,,,,,,,,,,,,,,,,,,,,,,,,,,,,RTE: T3 SCHD: 2:50,--> O: 07:04 AM > I: 09:54 AM,RTE: T3 SCHD: 6:06,--> RW: 12:54 PM > I: 07:00 PM,,,,,,,,,,,,,,,,
ElmwoodWeekday514,Elmwood,2-23-2026,Weekday,3:01 PM,3Hrs 56Min,14160,514,2023-10-11 7:13 AM,,2023-10-11 7:38 PM,8:19,10.3,,T3,8164,O,7:26 AM,RW,11:05 AM,3:39,219,,T2,8205,RW,3:01 PM,I,7:35 PM,4:34,274,,,,,,,,,,,,,,,,,,,,,,,,,,,,,,,,,,,,,,,,,,,,,,,,,,,,,,,,,,,,,,,,,,,,,,,,,RTE: T3 SCHD: 3:39,--> O: 07:26 AM > RW: 11:05 AM,RTE: T2 SCHD: 4:34,--> RW: 03:01 PM > I: 07:35 PM,,,,,,,,,,,,,,,,
ElmwoodWeekday515,Elmwood,2-23-2026,Weekday,,,,515,2023-10-11 11:26 AM,,2023-10-11 7:42 PM,8:16,8.4,,T3,8153,RW,12:04 PM,I,7:39 PM,7:35,455,,,,,,,,,,,,,,,,,,,,,,,,,,,,,,,,,,,,,,,,,,,,,,,,,,,,,,,,,,,,,,,,,,,,,,,,,,,,,,,,,,RTE: T3 SCHD: 7:35,--> RW: 12:04 PM > I: 07:39 PM,,,,,,,,,,,,,,,,,,
ElmwoodWeekday516,Elmwood,2-23-2026,Weekday,,,,516,2023-10-11 10:27 AM,,2023-10-11 8:01 PM,9:34,10.4,,T3,8164,RW,11:05 AM,I,7:58 PM,8:53,533,,,,,,,,,,,,,,,,,,,,,,,,,,,,,,,,,,,,,,,,,,,,,,,,,,,,,,,,,,,,,,,,,,,,,,,,,,,,,,,,,,RTE: T3 SCHD: 8:53,--> RW: 11:05 AM > I: 07:58 PM,,,,,,,,,,,,,,,,,,
ElmwoodWeekday517,Elmwood,2-23-2026,Weekday,4:51 PM,0Hrs 50Min,3000,517,2023-10-11 9:26 AM,,2023-10-11 8:14 PM,9:48,11,,T3,8165,O,9:39 AM,RW,4:01 PM,6:22,382,,T2,8215,RW,4:51 PM,I,8:11 PM,3:20,200,,,,,,,,,,,,,,,,,,,,,,,,,,,,,,,,,,,,,,,,,,,,,,,,,,,,,,,,,,,,,,,,,,,,,,,,,RTE: T3 SCHD: 6:22,--> O: 09:39 AM > RW: 04:01 PM,RTE: T2 SCHD: 3:20,--> RW: 04:51 PM > I: 08:11 PM,,,,,,,,,,,,,,,,
ElmwoodWeekday518,Elmwood,2-23-2026,Weekday,,,,518,2023-10-11 11:06 AM,,2023-10-11 8:45 PM,9:39,10.5,,T3,8160,RW,11:44 AM,I,8:42 PM,8:58,538,,,,,,,,,,,,,,,,,,,,,,,,,,,,,,,,,,,,,,,,,,,,,,,,,,,,,,,,,,,,,,,,,,,,,,,,,,,,,,,,,,RTE: T3 SCHD: 8:58,--> RW: 11:44 AM > I: 08:42 PM,,,,,,,,,,,,,,,,,,
ElmwoodWeekday519,Elmwood,2-23-2026,Weekday,,,,519,2023-10-11 11:36 AM,,2023-10-11 9:11 PM,9:35,10.4,,T3,8163,RW,12:14 PM,I,9:08 PM,8:54,534,,,,,,,,,,,,,,,,,,,,,,,,,,,,,,,,,,,,,,,,,,,,,,,,,,,,,,,,,,,,,,,,,,,,,,,,,,,,,,,,,,RTE: T3 SCHD: 8:54,--> RW: 12:14 PM > I: 09:08 PM,,,,,,,,,,,,,,,,,,
ElmwoodWeekday520,Elmwood,2-23-2026,Weekday,,,,520,2023-10-11 11:56 AM,,2023-10-11 9:39 PM,9:43,10.6,,T3,8157,RW,12:34 PM,I,9:36 PM,9:02,542,,,,,,,,,,,,,,,,,,,,,,,,,,,,,,,,,,,,,,,,,,,,,,,,,,,,,,,,,,,,,,,,,,,,,,,,,,,,,,,,,,RTE: T3 SCHD: 9:02,--> RW: 12:34 PM > I: 09:36 PM,,,,,,,,,,,,,,,,,,
ElmwoodWeekday521,Elmwood,2-23-2026,Weekday,,,,521,2023-10-11 2:04 PM,,2023-10-12 12:01 AM,9:47,10.7,,T3,8166,O,2:17 PM,I,11:58 PM,9:41,581,,,,,,,,,,,,,,,,,,,,,,,,,,,,,,,,,,,,,,,,,,,,,,,,,,,,,,,,,,,,,,,,,,,,,,,,,,,,,,,,,,RTE: T3 SCHD: 9:41,--> O: 02:17 PM > I: 11:58 PM,,,,,,,,,,,,,,,,,,
ElmwoodWeekday521,Elmwood,2-23-2026,Weekday,,,,521,2023-10-11 2:04 PM,,2023-10-12 12:01 AM,9:47,10.7,,T3,8166,O,2:17 PM,I,11:58 PM,9:41,581,,,,,,,,,,,,,,,,,,,,,,,,,,,,,,,,,,,,,,,,,,,,,,,,,,,,,,,,,,,,,,,,,,,,,,,,,,,,,,,,,,RTE: T3 SCHD: 9:41,--> O: 02:17 PM > I: 11:58 PM,,,,,,,,,,,,,,,,,,
ElmwoodWeekday522,Elmwood,2-23-2026,Weekday,,,,522,2023-10-11 3:23 PM,,2023-10-12 12:59 AM,9:36,10.4,,T3,8165,RW,4:01 PM,I,12:56 AM,8:55,535,,,,,,,,,,,,,,,,,,,,,,,,,,,,,,,,,,,,,,,,,,,,,,,,,,,,,,,,,,,,,,,,,,,,,,,,,,,,,,,,,,RTE: T3 SCHD: 8:55,--> RW: 04:01 PM > I: 12:56 AM,,,,,,,,,,,,,,,,,,
ElmwoodWeekday522,Elmwood,2-23-2026,Weekday,,,,522,2023-10-11 3:23 PM,,2023-10-12 12:59 AM,9:36,10.4,,T3,8165,RW,4:01 PM,I,12:56 AM,8:55,535,,,,,,,,,,,,,,,,,,,,,,,,,,,,,,,,,,,,,,,,,,,,,,,,,,,,,,,,,,,,,,,,,,,,,,,,,,,,,,,,,,RTE: T3 SCHD: 8:55,--> RW: 04:01 PM > I: 12:56 AM,,,,,,,,,,,,,,,,,,
ElmwoodWeekday523,Elmwood,2-23-2026,Weekday,,,,523,2023-10-11 2:40 PM,,2023-10-12 1:29 AM,10:39,12,,T3,8168,O,2:53 PM,I,1:26 AM,10:33,633,,,,,,,,,,,,,,,,,,,,,,,,,,,,,,,,,,,,,,,,,,,,,,,,,,,,,,,,,,,,,,,,,,,,,,,,,,,,,,,,,,RTE: T3 SCHD: 10:33,--> O: 02:53 PM > I: 01:26 AM,,,,,,,,,,,,,,,,,,
ElmwoodWeekday523,Elmwood,2-23-2026,Weekday,,,,523,2023-10-11 2:40 PM,,2023-10-12 1:29 AM,10:39,12,,T3,8168,O,2:53 PM,I,1:26 AM,10:33,633,,,,,,,,,,,,,,,,,,,,,,,,,,,,,,,,,,,,,,,,,,,,,,,,,,,,,,,,,,,,,,,,,,,,,,,,,,,,,,,,,,RTE: T3 SCHD: 10:33,--> O: 02:53 PM > I: 01:26 AM,,,,,,,,,,,,,,,,,,
ElmwoodWeekday701,Elmwood,2-23-2026,Weekday,,,,701,2023-10-11 4:15 AM,,2023-10-11 1:29 PM,9:04,9.6,,T4,8101,O,4:28 AM,I,1:26 PM,8:58,538,,,,,,,,,,,,,,,,,,,,,,,,,,,,,,,,,,,,,,,,,,,,,,,,,,,,,,,,,,,,,,,,,,,,,,,,,,,,,,,,,,RTE: T4 SCHD: 8:58,--> O: 04:28 AM > I: 01:26 PM,,,,,,,,,,,,,,,,,,
ElmwoodWeekday701,Elmwood,2-23-2026,Weekday,,,,701,2023-10-11 4:15 AM,,2023-10-11 1:29 PM,9:04,9.6,,T4,8101,O,4:28 AM,I,1:26 PM,8:58,538,,,,,,,,,,,,,,,,,,,,,,,,,,,,,,,,,,,,,,,,,,,,,,,,,,,,,,,,,,,,,,,,,,,,,,,,,,,,,,,,,,RTE: T4 SCHD: 8:58,--> O: 04:28 AM > I: 01:26 PM,,,,,,,,,,,,,,,,,,
ElmwoodWeekday702,Elmwood,2-23-2026,Weekday,,,,702,2023-10-11 4:39 AM,,2023-10-11 3:00 PM,10:11,11.3,,T4,8102,O,4:52 AM,I,2:57 PM,10:05,605,,,,,,,,,,,,,,,,,,,,,,,,,,,,,,,,,,,,,,,,,,,,,,,,,,,,,,,,,,,,,,,,,,,,,,,,,,,,,,,,,,RTE: T4 SCHD: 10:05,--> O: 04:52 AM > I: 02:57 PM,,,,,,,,,,,,,,,,,,
ElmwoodWeekday703,Elmwood,2-23-2026,Weekday,,,,703,2023-10-11 5:10 AM,12:34,2023-10-11 12:34 PM,7:14,8,,T4,8104,O,5:23 AM,RW,12:24 PM,7:01,421,,,,,,,,,,,,,,,,,,,,,,,,,,,,,,,,,,,,,,,,,,,,,,,,,,,,,,,,,,,,,,,,,,,,,,,,,,,,,,,,,,RTE: T4 SCHD: 7:01,--> O: 05:23 AM > RW: 12:24 PM,,,,,,,,,,,,,,,,,,
ElmwoodWeekday704,Elmwood,2-23-2026,Weekday,,,,704,2023-10-11 5:25 AM,,2023-10-11 2:39 PM,9:04,9.6,,T4,8105,O,5:38 AM,I,2:36 PM,8:58,538,,,,,,,,,,,,,,,,,,,,,,,,,,,,,,,,,,,,,,,,,,,,,,,,,,,,,,,,,,,,,,,,,,,,,,,,,,,,,,,,,,RTE: T4 SCHD: 8:58,--> O: 05:38 AM > I: 02:36 PM,,,,,,,,,,,,,,,,,,
ElmwoodWeekday705,Elmwood,2-23-2026,Weekday,,,,705,2023-10-11 6:21 AM,,2023-10-11 5:16 PM,10:45,12.1,,T4,8106,O,6:34 AM,I,5:13 PM,10:39,639,,,,,,,,,,,,,,,,,,,,,,,,,,,,,,,,,,,,,,,,,,,,,,,,,,,,,,,,,,,,,,,,,,,,,,,,,,,,,,,,,,RTE: T4 SCHD: 10:39,--> O: 06:34 AM > I: 05:13 PM,,,,,,,,,,,,,,,,,,
ElmwoodWeekday706,Elmwood,2-23-2026,Weekday,3:22 PM,3Hrs 18Min,11880,706,2023-10-11 4:55 AM,5:08,2023-10-11 5:08 PM,8:55,10.9,,T4,8103,O,5:08 AM,RW,12:04 PM,6:56,416,3:12,T2,8220,O,3:22 PM,RW,4:33 PM,1:11,71,,,,,,,,,,,,,,,,,,,,,,,,,,,,,,,,,,,,,,,,,,,,,,,,,,,,,,,,,,,,,,,,,,,,,,,,,RTE: T4 SCHD: 6:56,--> O: 05:08 AM > RW: 12:04 PM,RTE: T2 SCHD: 1:11,--> O: 03:22 PM > RW: 04:33 PM,,,,,,,,,,,,,,,,
ElmwoodWeekday707,Elmwood,2-23-2026,Weekday,3:45 PM,3Hrs 11Min,11460,707,2023-10-11 6:38 AM,,2023-10-11 6:17 PM,8:28,9.7,,T4,8107,O,6:51 AM,RW,12:34 PM,5:43,343,3:35,T5,8274,O,3:45 PM,I,6:14 PM,2:29,149,,,,,,,,,,,,,,,,,,,,,,,,,,,,,,,,,,,,,,,,,,,,,,,,,,,,,,,,,,,,,,,,,,,,,,,,,RTE: T4 SCHD: 5:43,--> O: 06:51 AM > RW: 12:34 PM,RTE: T5 SCHD: 2:29,--> O: 03:45 PM > I: 06:14 PM,,,,,,,,,,,,,,,,
ElmwoodWeekday708,Elmwood,2-23-2026,Weekday,3:01 PM,2Hrs 7Min,7620,708,2023-10-11 6:57 AM,,2023-10-11 7:00 PM,9:56,12.3,,T4,8108,O,7:10 AM,RW,12:54 PM,5:44,344,2:51,T5,8269,O,3:01 PM,I,6:57 PM,3:56,236,,,,,,,,,,,,,,,,,,,,,,,,,,,,,,,,,,,,,,,,,,,,,,,,,,,,,,,,,,,,,,,,,,,,,,,,,RTE: T4 SCHD: 5:44,--> O: 07:10 AM > RW: 12:54 PM,RTE: T5 SCHD: 3:56,--> O: 03:01 PM > I: 06:57 PM,,,,,,,,,,,,,,,,
ElmwoodWeekday709,Elmwood,2-23-2026,Weekday,2:51 PM,2Hrs 57Min,10620,709,2023-10-11 7:27 AM,,2023-10-11 7:25 PM,9:01,10.8,,T4,8109,O,7:40 AM,RW,11:54 AM,4:14,254,2:41,T2,8218,O,2:51 PM,I,7:22 PM,4:31,271,,,,,,,,,,,,,,,,,,,,,,,,,,,,,,,,,,,,,,,,,,,,,,,,,,,,,,,,,,,,,,,,,,,,,,,,,RTE: T4 SCHD: 4:14,--> O: 07:40 AM > RW: 11:54 AM,RTE: T2 SCHD: 4:31,--> O: 02:51 PM > I: 07:22 PM,,,,,,,,,,,,,,,,
ElmwoodWeekday710,Elmwood,2-23-2026,Weekday,,,,710,2023-10-11 12:11 PM,,2023-10-11 8:47 PM,8:36,8.9,,T4,8104,RW,12:24 PM,I,8:44 PM,8:20,500,,,,,,,,,,,,,,,,,,,,,,,,,,,,,,,,,,,,,,,,,,,,,,,,,,,,,,,,,,,,,,,,,,,,,,,,,,,,,,,,,,RTE: T4 SCHD: 8:20,--> RW: 12:24 PM > I: 08:44 PM,,,,,,,,,,,,,,,,,,
ElmwoodWeekday711,Elmwood,2-23-2026,Weekday,,,,711,2023-10-11 1:15 PM,,2023-10-11 9:28 PM,8:03,8.1,,T4,8110,O,1:28 PM,I,9:25 PM,7:57,477,,,,,,,,,,,,,,,,,,,,,,,,,,,,,,,,,,,,,,,,,,,,,,,,,,,,,,,,,,,,,,,,,,,,,,,,,,,,,,,,,,RTE: T4 SCHD: 7:57,--> O: 01:28 PM > I: 09:25 PM,,,,,,,,,,,,,,,,,,
ElmwoodWeekday712,Elmwood,2-23-2026,Weekday,,,,712,2023-10-11 2:22 PM,,2023-10-11 10:23 PM,7:51,8,,T4,8112,O,2:35 PM,I,10:20 PM,7:45,465,,,,,,,,,,,,,,,,,,,,,,,,,,,,,,,,,,,,,,,,,,,,,,,,,,,,,,,,,,,,,,,,,,,,,,,,,,,,,,,,,,RTE: T4 SCHD: 7:45,--> O: 02:35 PM > I: 10:20 PM,,,,,,,,,,,,,,,,,,
ElmwoodWeekday713,Elmwood,2-23-2026,Weekday,,,,713,2023-10-11 2:38 PM,,2023-10-12 1:19 AM,10:31,11.8,,T4,8113,O,2:51 PM,I,1:16 AM,10:25,625,,,,,,,,,,,,,,,,,,,,,,,,,,,,,,,,,,,,,,,,,,,,,,,,,,,,,,,,,,,,,,,,,,,,,,,,,,,,,,,,,,RTE: T4 SCHD: 10:25,--> O: 02:51 PM > I: 01:16 AM,,,,,,,,,,,,,,,,,,
ElmwoodWeekday713,Elmwood,2-23-2026,Weekday,,,,713,2023-10-11 2:38 PM,,2023-10-12 1:19 AM,10:31,11.8,,T4,8113,O,2:51 PM,I,1:16 AM,10:25,625,,,,,,,,,,,,,,,,,,,,,,,,,,,,,,,,,,,,,,,,,,,,,,,,,,,,,,,,,,,,,,,,,,,,,,,,,,,,,,,,,,RTE: T4 SCHD: 10:25,--> O: 02:51 PM > I: 01:16 AM,,,,,,,,,,,,,,,,,,
ElmwoodWeekday714,Elmwood,2-23-2026,Weekday,,,,714,2023-10-11 3:02 PM,,2023-10-12 1:48 AM,10:36,11.9,,T4,8114,O,3:15 PM,I,1:45 AM,10:30,630,,,,,,,,,,,,,,,,,,,,,,,,,,,,,,,,,,,,,,,,,,,,,,,,,,,,,,,,,,,,,,,,,,,,,,,,,,,,,,,,,,RTE: T4 SCHD: 10:30,--> O: 03:15 PM > I: 01:45 AM,,,,,,,,,,,,,,,,,,
ElmwoodWeekday714,Elmwood,2-23-2026,Weekday,,,,714,2023-10-11 3:02 PM,,2023-10-12 1:48 AM,10:36,11.9,,T4,8114,O,3:15 PM,I,1:45 AM,10:30,630,,,,,,,,,,,,,,,,,,,,,,,,,,,,,,,,,,,,,,,,,,,,,,,,,,,,,,,,,,,,,,,,,,,,,,,,,,,,,,,,,,RTE: T4 SCHD: 10:30,--> O: 03:15 PM > I: 01:45 AM,,,,,,,,,,,,,,,,,,
ElmwoodWeekday715,Elmwood,2-23-2026,Weekday,,,,715,2023-10-11 4:59 PM,,2023-10-12 2:18 AM,9:09,9.7,,T4,8115,O,5:12 PM,I,2:15 AM,9:03,543,,,,,,,,,,,,,,,,,,,,,,,,,,,,,,,,,,,,,,,,,,,,,,,,,,,,,,,,,,,,,,,,,,,,,,,,,,,,,,,,,,RTE: T4 SCHD: 9:03,--> O: 05:12 PM > I: 02:15 AM,,,,,,,,,,,,,,,,,,
ElmwoodWeekday715,Elmwood,2-23-2026,Weekday,,,,715,2023-10-11 4:59 PM,,2023-10-12 2:18 AM,9:09,9.7,,T4,8115,O,5:12 PM,I,2:15 AM,9:03,543,,,,,,,,,,,,,,,,,,,,,,,,,,,,,,,,,,,,,,,,,,,,,,,,,,,,,,,,,,,,,,,,,,,,,,,,,,,,,,,,,,RTE: T4 SCHD: 9:03,--> O: 05:12 PM > I: 02:15 AM,,,,,,,,,,,,,,,,,,
ElmwoodWeekday301,Elmwood,2-23-2026,Weekday,,,,301,2023-10-11 12:20 AM,,2023-10-11 10:07 AM,9:37,10.4,,T5,8251,O,12:33 AM,I,10:04 AM,9:31,571,,,,,,,,,,,,,,,,,,,,,,,,,,,,,,,,,,,,,,,,,,,,,,,,,,,,,,,,,,,,,,,,,,,,,,,,,,,,,,,,,,RTE: T5 SCHD: 9:31,--> O: 12:33 AM > I: 10:04 AM,,,,,,,,,,,,,,,,,,
ElmwoodWeekday301,Elmwood,2-23-2026,Weekday,,,,301,2023-10-11 12:20 AM,,2023-10-11 10:07 AM,9:37,10.4,,T5,8251,O,12:33 AM,I,10:04 AM,9:31,571,,,,,,,,,,,,,,,,,,,,,,,,,,,,,,,,,,,,,,,,,,,,,,,,,,,,,,,,,,,,,,,,,,,,,,,,,,,,,,,,,,RTE: T5 SCHD: 9:31,--> O: 12:33 AM > I: 10:04 AM,,,,,,,,,,,,,,,,,,
ElmwoodWeekday302,Elmwood,2-23-2026,Weekday,,,,302,2023-10-11 12:52 AM,,2023-10-11 9:22 AM,8:20,8.5,,T5,8252,O,1:05 AM,I,9:19 AM,8:14,494,,,,,,,,,,,,,,,,,,,,,,,,,,,,,,,,,,,,,,,,,,,,,,,,,,,,,,,,,,,,,,,,,,,,,,,,,,,,,,,,,,RTE: T5 SCHD: 8:14,--> O: 01:05 AM > I: 09:19 AM,,,,,,,,,,,,,,,,,,
ElmwoodWeekday302,Elmwood,2-23-2026,Weekday,,,,302,2023-10-11 12:52 AM,,2023-10-11 9:22 AM,8:20,8.5,,T5,8252,O,1:05 AM,I,9:19 AM,8:14,494,,,,,,,,,,,,,,,,,,,,,,,,,,,,,,,,,,,,,,,,,,,,,,,,,,,,,,,,,,,,,,,,,,,,,,,,,,,,,,,,,,RTE: T5 SCHD: 8:14,--> O: 01:05 AM > I: 09:19 AM,,,,,,,,,,,,,,,,,,
ElmwoodWeekday303,Elmwood,2-23-2026,Weekday,,,,303,2023-10-11 4:17 AM,,2023-10-11 2:01 PM,9:34,10.4,,T5,8253,O,4:30 AM,I,1:58 PM,9:28,568,,,,,,,,,,,,,,,,,,,,,,,,,,,,,,,,,,,,,,,,,,,,,,,,,,,,,,,,,,,,,,,,,,,,,,,,,,,,,,,,,,RTE: T5 SCHD: 9:28,--> O: 04:30 AM > I: 01:58 PM,,,,,,,,,,,,,,,,,,
ElmwoodWeekday303,Elmwood,2-23-2026,Weekday,,,,303,2023-10-11 4:17 AM,,2023-10-11 2:01 PM,9:34,10.4,,T5,8253,O,4:30 AM,I,1:58 PM,9:28,568,,,,,,,,,,,,,,,,,,,,,,,,,,,,,,,,,,,,,,,,,,,,,,,,,,,,,,,,,,,,,,,,,,,,,,,,,,,,,,,,,,RTE: T5 SCHD: 9:28,--> O: 04:30 AM > I: 01:58 PM,,,,,,,,,,,,,,,,,,
ElmwoodWeekday304,Elmwood,2-23-2026,Weekday,,,,304,2023-10-11 6:10 AM,,2023-10-11 2:54 PM,8:34,8.9,,T5,8257,O,6:23 AM,I,2:51 PM,8:28,508,,,,,,,,,,,,,,,,,,,,,,,,,,,,,,,,,,,,,,,,,,,,,,,,,,,,,,,,,,,,,,,,,,,,,,,,,,,,,,,,,,RTE: T5 SCHD: 8:28,--> O: 06:23 AM > I: 02:51 PM,,,,,,,,,,,,,,,,,,
ElmwoodWeekday305,Elmwood,2-23-2026,Weekday,,,,305,2023-10-11 6:35 AM,3:16,2023-10-11 3:16 PM,8:31,8.8,,T5,8259,O,6:48 AM,RW,3:11 PM,8:23,503,,,,,,,,,,,,,,,,,,,,,,,,,,,,,,,,,,,,,,,,,,,,,,,,,,,,,,,,,,,,,,,,,,,,,,,,,,,,,,,,,,RTE: T5 SCHD: 8:23,--> O: 06:48 AM > RW: 03:11 PM,,,,,,,,,,,,,,,,,,
ElmwoodWeekday306,Elmwood,2-23-2026,Weekday,12:04 PM,2Hrs 10Min,7800,306,2023-10-11 5:50 AM,,2023-10-11 5:08 PM,9:08,10.3,,T5,8256,O,6:03 AM,I,9:54 AM,3:51,231,11:54,T4,8103,RW,12:04 PM,I,5:05 PM,5:01,301,,,,,,,,,,,,,,,,,,,,,,,,,,,,,,,,,,,,,,,,,,,,,,,,,,,,,,,,,,,,,,,,,,,,,,,,,RTE: T5 SCHD: 3:51,--> O: 06:03 AM > I: 09:54 AM,RTE: T4 SCHD: 5:01,--> RW: 12:04 PM > I: 05:05 PM,,,,,,,,,,,,,,,,
ElmwoodWeekday307,Elmwood,2-23-2026,Weekday,1:08 PM,3Hrs 24Min,12240,307,2023-10-11 5:38 AM,5:26,2023-10-11 5:26 PM,8:14,9.5,,T5,8255,O,5:51 AM,I,9:44 AM,3:53,233,12:58,T2,8215,O,1:08 PM,RW,4:51 PM,3:43,223,,,,,,,,,,,,,,,,,,,,,,,,,,,,,,,,,,,,,,,,,,,,,,,,,,,,,,,,,,,,,,,,,,,,,,,,,RTE: T5 SCHD: 3:53,--> O: 05:51 AM > I: 09:44 AM,RTE: T2 SCHD: 3:43,--> O: 01:08 PM > RW: 04:51 PM,,,,,,,,,,,,,,,,
ElmwoodWeekday308,Elmwood,2-23-2026,Weekday,3:06 PM,4Hrs 43Min,16980,308,2023-10-11 4:59 AM,,2023-10-11 5:38 PM,7:46,10,,T5,8254,O,5:12 AM,I,10:23 AM,5:11,311,2:56,T5,8270,O,3:06 PM,I,5:35 PM,2:29,149,,,,,,,,,,,,,,,,,,,,,,,,,,,,,,,,,,,,,,,,,,,,,,,,,,,,,,,,,,,,,,,,,,,,,,,,,RTE: T5 SCHD: 5:11,--> O: 05:12 AM > I: 10:23 AM,RTE: T5 SCHD: 2:29,--> O: 03:06 PM > I: 05:35 PM,,,,,,,,,,,,,,,,
ElmwoodWeekday309,Elmwood,2-23-2026,Weekday,3:26 PM,1Hrs 18Min,4680,309,2023-10-11 6:52 AM,,2023-10-11 5:57 PM,9:37,10.9,,T5,8261,O,7:05 AM,I,2:08 PM,7:03,423,3:16,T5,8272,O,3:26 PM,I,5:54 PM,2:28,148,,,,,,,,,,,,,,,,,,,,,,,,,,,,,,,,,,,,,,,,,,,,,,,,,,,,,,,,,,,,,,,,,,,,,,,,,RTE: T5 SCHD: 7:03,--> O: 07:05 AM > I: 02:08 PM,RTE: T5 SCHD: 2:28,--> O: 03:26 PM > I: 05:54 PM,,,,,,,,,,,,,,,,
ElmwoodWeekday310,Elmwood,2-23-2026,Weekday,3:39 PM,3Hrs 52Min,13920,310,2023-10-11 6:24 AM,,2023-10-11 6:28 PM,8:02,9.5,,T5,8258,O,6:37 AM,RW,11:47 AM,5:10,310,,T5,8262,RW,3:39 PM,I,6:25 PM,2:46,166,,,,,,,,,,,,,,,,,,,,,,,,,,,,,,,,,,,,,,,,,,,,,,,,,,,,,,,,,,,,,,,,,,,,,,,,,RTE: T5 SCHD: 5:10,--> O: 06:37 AM > RW: 11:47 AM,RTE: T5 SCHD: 2:46,--> RW: 03:39 PM > I: 06:25 PM,,,,,,,,,,,,,,,,
ElmwoodWeekday311,Elmwood,2-23-2026,Weekday,11:54 AM,2Hrs 20Min,8400,311,2023-10-11 6:46 AM,,2023-10-11 6:35 PM,9:29,11.4,,T5,8260,O,6:59 AM,I,9:34 AM,2:35,155,11:44,T4,8109,RW,11:54 AM,I,6:32 PM,6:38,398,,,,,,,,,,,,,,,,,,,,,,,,,,,,,,,,,,,,,,,,,,,,,,,,,,,,,,,,,,,,,,,,,,,,,,,,,RTE: T5 SCHD: 2:35,--> O: 06:59 AM > I: 09:34 AM,RTE: T4 SCHD: 6:38,--> RW: 11:54 AM > I: 06:32 PM,,,,,,,,,,,,,,,,
ElmwoodWeekday312,Elmwood,2-23-2026,Weekday,2:28 PM,3Hrs 20Min,12000,312,2023-10-11 7:04 AM,,2023-10-11 7:08 PM,8:39,10.4,,T5,8262,O,7:17 AM,RW,11:08 AM,3:51,231,2:18,T2,8217,O,2:28 PM,I,7:05 PM,4:37,277,,,,,,,,,,,,,,,,,,,,,,,,,,,,,,,,,,,,,,,,,,,,,,,,,,,,,,,,,,,,,,,,,,,,,,,,,RTE: T5 SCHD: 3:51,--> O: 07:17 AM > RW: 11:08 AM,RTE: T2 SCHD: 4:37,--> O: 02:28 PM > I: 07:05 PM,,,,,,,,,,,,,,,,
ElmwoodWeekday313,Elmwood,2-23-2026,Weekday,2:47 PM,1Hrs 59Min,7140,313,2023-10-11 7:15 AM,,2023-10-11 7:10 PM,9:51,12,,T5,8263,O,7:28 AM,RW,12:48 PM,5:20,320,2:37,T3,8167,O,2:47 PM,I,7:07 PM,4:20,260,,,,,,,,,,,,,,,,,,,,,,,,,,,,,,,,,,,,,,,,,,,,,,,,,,,,,,,,,,,,,,,,,,,,,,,,,RTE: T5 SCHD: 5:20,--> O: 07:28 AM > RW: 12:48 PM,RTE: T3 SCHD: 4:20,--> O: 02:47 PM > I: 07:07 PM,,,,,,,,,,,,,,,,
ElmwoodWeekday314,Elmwood,2-23-2026,Weekday,3:11 PM,2Hrs 13Min,7980,314,2023-10-11 7:25 AM,,2023-10-11 7:29 PM,9:41,11.9,,T5,8264,O,7:38 AM,RW,12:58 PM,5:20,320,,T5,8259,RW,3:11 PM,I,7:26 PM,4:15,255,,,,,,,,,,,,,,,,,,,,,,,,,,,,,,,,,,,,,,,,,,,,,,,,,,,,,,,,,,,,,,,,,,,,,,,,,RTE: T5 SCHD: 5:20,--> O: 07:38 AM > RW: 12:58 PM,RTE: T5 SCHD: 4:15,--> RW: 03:11 PM > I: 07:26 PM,,,,,,,,,,,,,,,,
ElmwoodWeekday315,Elmwood,2-23-2026,Weekday,1:50 PM,3Hrs 20Min,12000,315,2023-10-11 7:45 AM,,2023-10-11 7:49 PM,9:14,11.3,,T5,8265,O,7:58 AM,RW,10:30 AM,2:32,152,1:15,T2,8201,RW,1:50 PM,I,7:46 PM,5:56,356,,,,,,,,,,,,,,,,,,,,,,,,,,,,,,,,,,,,,,,,,,,,,,,,,,,,,,,,,,,,,,,,,,,,,,,,,RTE: T5 SCHD: 2:32,--> O: 07:58 AM > RW: 10:30 AM,RTE: T2 SCHD: 5:56,--> RW: 01:50 PM > I: 07:46 PM,,,,,,,,,,,,,,,,
ElmwoodWeekday316,Elmwood,2-23-2026,Weekday,,,,316,2023-10-11 11:39 AM,,2023-10-11 8:31 PM,8:52,9.3,,T5,8258,RW,11:47 AM,I,8:28 PM,8:41,521,,,,,,,,,,,,,,,,,,,,,,,,,,,,,,,,,,,,,,,,,,,,,,,,,,,,,,,,,,,,,,,,,,,,,,,,,,,,,,,,,,RTE: T5 SCHD: 8:41,--> RW: 11:47 AM > I: 08:28 PM,,,,,,,,,,,,,,,,,,
ElmwoodWeekday317,Elmwood,2-23-2026,Weekday,,,,317,2023-10-11 12:50 PM,,2023-10-11 9:31 PM,8:41,9,,T5,8264,RW,12:58 PM,I,9:28 PM,8:30,510,,,,,,,,,,,,,,,,,,,,,,,,,,,,,,,,,,,,,,,,,,,,,,,,,,,,,,,,,,,,,,,,,,,,,,,,,,,,,,,,,,RTE: T5 SCHD: 8:30,--> RW: 12:58 PM > I: 09:28 PM,,,,,,,,,,,,,,,,,,
ElmwoodWeekday318,Elmwood,2-23-2026,Weekday,2:41 PM,2Hrs 44Min,9840,318,2023-10-11 10:22 AM,,2023-10-11 9:45 PM,9:19,10.9,10:25,T5,8265,RW,10:30 AM,RW,11:57 AM,1:27,87,2:06,T2,8208,RW,2:41 PM,I,9:42 PM,7:01,421,,,,,,,,,,,,,,,,,,,,,,,,,,,,,,,,,,,,,,,,,,,,,,,,,,,,,,,,,,,,,,,,,,,,,,,,,RTE: T5 SCHD: 1:27,--> RW: 10:30 AM > RW: 11:57 AM,RTE: T2 SCHD: 7:01,--> RW: 02:41 PM > I: 09:42 PM,,,,,,,,,,,,,,,,
ElmwoodWeekday319,Elmwood,2-23-2026,Weekday,,,,319,2023-10-11 11:49 AM,,2023-10-11 10:04 PM,10:15,11.4,,T5,8265,RW,11:57 AM,I,10:01 PM,10:04,604,,,,,,,,,,,,,,,,,,,,,,,,,,,,,,,,,,,,,,,,,,,,,,,,,,,,,,,,,,,,,,,,,,,,,,,,,,,,,,,,,,RTE: T5 SCHD: 10:04,--> RW: 11:57 AM > I: 10:01 PM,,,,,,,,,,,,,,,,,,
ElmwoodWeekday320,Elmwood,2-23-2026,Weekday,,,,320,2023-10-11 2:12 PM,,2023-10-12 12:13 AM,9:51,10.8,,T5,8267,O,2:25 PM,I,12:10 AM,9:45,585,,,,,,,,,,,,,,,,,,,,,,,,,,,,,,,,,,,,,,,,,,,,,,,,,,,,,,,,,,,,,,,,,,,,,,,,,,,,,,,,,,RTE: T5 SCHD: 9:45,--> O: 02:25 PM > I: 12:10 AM,,,,,,,,,,,,,,,,,,
ElmwoodWeekday320,Elmwood,2-23-2026,Weekday,,,,320,2023-10-11 2:12 PM,,2023-10-12 12:13 AM,9:51,10.8,,T5,8267,O,2:25 PM,I,12:10 AM,9:45,585,,,,,,,,,,,,,,,,,,,,,,,,,,,,,,,,,,,,,,,,,,,,,,,,,,,,,,,,,,,,,,,,,,,,,,,,,,,,,,,,,,RTE: T5 SCHD: 9:45,--> O: 02:25 PM > I: 12:10 AM,,,,,,,,,,,,,,,,,,
ElmwoodWeekday321,Elmwood,2-23-2026,Weekday,,,,321,2023-10-11 2:43 PM,,2023-10-12 12:41 AM,9:48,10.7,,T5,8268,O,2:56 PM,I,12:38 AM,9:42,582,,,,,,,,,,,,,,,,,,,,,,,,,,,,,,,,,,,,,,,,,,,,,,,,,,,,,,,,,,,,,,,,,,,,,,,,,,,,,,,,,,RTE: T5 SCHD: 9:42,--> O: 02:56 PM > I: 12:38 AM,,,,,,,,,,,,,,,,,,
ElmwoodWeekday321,Elmwood,2-23-2026,Weekday,,,,321,2023-10-11 2:43 PM,,2023-10-12 12:41 AM,9:48,10.7,,T5,8268,O,2:56 PM,I,12:38 AM,9:42,582,,,,,,,,,,,,,,,,,,,,,,,,,,,,,,,,,,,,,,,,,,,,,,,,,,,,,,,,,,,,,,,,,,,,,,,,,,,,,,,,,,RTE: T5 SCHD: 9:42,--> O: 02:56 PM > I: 12:38 AM,,,,,,,,,,,,,,,,,,
ElmwoodWeekday322,Elmwood,2-23-2026,Weekday,,,,322,2023-10-11 3:27 PM,,2023-10-12 1:05 AM,9:28,10.2,,T5,8273,O,3:40 PM,I,1:02 AM,9:22,562,,,,,,,,,,,,,,,,,,,,,,,,,,,,,,,,,,,,,,,,,,,,,,,,,,,,,,,,,,,,,,,,,,,,,,,,,,,,,,,,,,RTE: T5 SCHD: 9:22,--> O: 03:40 PM > I: 01:02 AM,,,,,,,,,,,,,,,,,,
ElmwoodWeekday322,Elmwood,2-23-2026,Weekday,,,,322,2023-10-11 3:27 PM,,2023-10-12 1:05 AM,9:28,10.2,,T5,8273,O,3:40 PM,I,1:02 AM,9:22,562,,,,,,,,,,,,,,,,,,,,,,,,,,,,,,,,,,,,,,,,,,,,,,,,,,,,,,,,,,,,,,,,,,,,,,,,,,,,,,,,,,RTE: T5 SCHD: 9:22,--> O: 03:40 PM > I: 01:02 AM,,,,,,,,,,,,,,,,,,
ElmwoodWeekday351,Elmwood,2-23-2026,Weekday,,,,351,2023-10-11 4:05 AM,,2023-10-11 1:42 PM,9:27,10.2,,T5 BUS,8291,O,4:18 AM,I,1:39 PM,9:21,561,,,,,,,,,,,,,,,,,,,,,,,,,,,,,,,,,,,,,,,,,,,,,,,,,,,,,,,,,,,,,,,,,,,,,,,,,,,,,,,,,,RTE: T5 BUS SCHD: 9:21,--> O: 04:18 AM > I: 01:39 PM,,,,,,,,,,,,,,,,,,
ElmwoodWeekday352,Elmwood,2-23-2026,Weekday,,,,352,2023-10-11 4:35 AM,,2023-10-11 2:22 PM,9:37,10.4,,T5 BUS,8292,O,4:48 AM,I,2:19 PM,9:31,571,,,,,,,,,,,,,,,,,,,,,,,,,,,,,,,,,,,,,,,,,,,,,,,,,,,,,,,,,,,,,,,,,,,,,,,,,,,,,,,,,,RTE: T5 BUS SCHD: 9:31,--> O: 04:48 AM > I: 02:19 PM,,,,,,,,,,,,,,,,,,
ElmwoodWeekday353,Elmwood,2-23-2026,Weekday,1:06 PM,3Hrs 14Min,11640,353,2023-10-11 5:36 AM,,2023-10-11 5:14 PM,8:14,9.3,,T5 BUS,8293,O,5:49 AM,I,9:52 AM,4:03,243,12:56,T5 BUS,8295,O,1:06 PM,I,5:11 PM,4:05,245,,,,,,,,,,,,,,,,,,,,,,,,,,,,,,,,,,,,,,,,,,,,,,,,,,,,,,,,,,,,,,,,,,,,,,,,,RTE: T5 BUS SCHD: 4:03,--> O: 05:49 AM > I: 09:52 AM,RTE: T5 BUS SCHD: 4:05,--> O: 01:06 PM > I: 05:11 PM,,,,,,,,,,,,,,,,
ElmwoodWeekday354,Elmwood,2-23-2026,Weekday,,,,354,2023-10-11 9:03 AM,,2023-10-11 8:00 PM,10:47,12.2,,T5 BUS,8294,O,9:16 AM,I,7:57 PM,10:41,641,,,,,,,,,,,,,,,,,,,,,,,,,,,,,,,,,,,,,,,,,,,,,,,,,,,,,,,,,,,,,,,,,,,,,,,,,,,,,,,,,,RTE: T5 BUS SCHD: 10:41,--> O: 09:16 AM > I: 07:57 PM,,,,,,,,,,,,,,,,,,
ElmwoodWeekday355,Elmwood,2-23-2026,Weekday,,,,355,2023-10-11 1:13 PM,,2023-10-11 11:57 PM,10:34,11.9,,T5 BUS,8296,O,1:26 PM,I,11:54 PM,10:28,628,,,,,,,,,,,,,,,,,,,,,,,,,,,,,,,,,,,,,,,,,,,,,,,,,,,,,,,,,,,,,,,,,,,,,,,,,,,,,,,,,,RTE: T5 BUS SCHD: 10:28,--> O: 01:26 PM > I: 11:54 PM,,,,,,,,,,,,,,,,,,
ElmwoodWeekday356,Elmwood,2-23-2026,Weekday,,,,356,2023-10-11 4:29 PM,,2023-10-12 1:00 AM,8:21,8.5,,T5 BUS,8297,O,4:42 PM,I,12:57 AM,8:15,495,,,,,,,,,,,,,,,,,,,,,,,,,,,,,,,,,,,,,,,,,,,,,,,,,,,,,,,,,,,,,,,,,,,,,,,,,,,,,,,,,,RTE: T5 BUS SCHD: 8:15,--> O: 04:42 PM > I: 12:57 AM,,,,,,,,,,,,,,,,,,
ElmwoodSaturday1,Elmwood,2-28-2026,Saturday,,,,1,2023-10-11 4:24 AM,,2023-10-11 1:28 PM,8:54,9.4,,T2,8201,O,4:37 AM,I,1:26 PM,8:49,529,,,,,,,,,,,,,,,,,,,,,,,,,,,,,,,,,,,,,,,,,,,,,,,,,,,,,,,,,,,,,,,,,,,,,,,,,,,,,,,,,,RTE: T2 SCHD: 8:49,--> O: 04:37 AM > I: 01:26 PM,,,,,,,,,,,,,,,,,,
ElmwoodSaturday2,Elmwood,2-28-2026,Saturday,,,,2,2023-10-11 4:55 AM,,2023-10-11 3:29 PM,10:24,11.6,,T2,8202,O,5:08 AM,I,3:27 PM,10:19,619,,,,,,,,,,,,,,,,,,,,,,,,,,,,,,,,,,,,,,,,,,,,,,,,,,,,,,,,,,,,,,,,,,,,,,,,,,,,,,,,,,RTE: T2 SCHD: 10:19,--> O: 05:08 AM > I: 03:27 PM,,,,,,,,,,,,,,,,,,
ElmwoodSaturday3,Elmwood,2-28-2026,Saturday,,,,3,2023-10-11 5:38 AM,,2023-10-11 4:38 PM,10:50,12.3,,T2,8203,O,5:51 AM,I,4:36 PM,10:45,645,,,,,,,,,,,,,,,,,,,,,,,,,,,,,,,,,,,,,,,,,,,,,,,,,,,,,,,,,,,,,,,,,,,,,,,,,,,,,,,,,,RTE: T2 SCHD: 10:45,--> O: 05:51 AM > I: 04:36 PM,,,,,,,,,,,,,,,,,,
ElmwoodSaturday4,Elmwood,2-28-2026,Saturday,,,,4,2023-10-11 7:35 AM,,2023-10-11 5:29 PM,9:44,10.6,,T2,8204,O,7:48 AM,I,5:27 PM,9:39,579,,,,,,,,,,,,,,,,,,,,,,,,,,,,,,,,,,,,,,,,,,,,,,,,,,,,,,,,,,,,,,,,,,,,,,,,,,,,,,,,,,RTE: T2 SCHD: 9:39,--> O: 07:48 AM > I: 05:27 PM,,,,,,,,,,,,,,,,,,
ElmwoodSaturday5,Elmwood,2-28-2026,Saturday,,,,5,2023-10-11 9:36 AM,,2023-10-11 6:02 PM,8:16,8.4,,T2,8205,O,9:49 AM,I,6:00 PM,8:11,491,,,,,,,,,,,,,,,,,,,,,,,,,,,,,,,,,,,,,,,,,,,,,,,,,,,,,,,,,,,,,,,,,,,,,,,,,,,,,,,,,,RTE: T2 SCHD: 8:11,--> O: 09:49 AM > I: 06:00 PM,,,,,,,,,,,,,,,,,,
ElmwoodSaturday6,Elmwood,2-28-2026,Saturday,,,,6,2023-10-11 12:18 PM,,2023-10-11 8:43 PM,8:15,8.4,,T2,8206,O,12:31 PM,I,8:41 PM,8:10,490,,,,,,,,,,,,,,,,,,,,,,,,,,,,,,,,,,,,,,,,,,,,,,,,,,,,,,,,,,,,,,,,,,,,,,,,,,,,,,,,,,RTE: T2 SCHD: 8:10,--> O: 12:31 PM > I: 08:41 PM,,,,,,,,,,,,,,,,,,
ElmwoodSaturday7,Elmwood,2-28-2026,Saturday,,,,7,2023-10-11 12:28 PM,,2023-10-11 10:04 PM,9:26,10.2,,T2,8207,O,12:41 PM,I,10:02 PM,9:21,561,,,,,,,,,,,,,,,,,,,,,,,,,,,,,,,,,,,,,,,,,,,,,,,,,,,,,,,,,,,,,,,,,,,,,,,,,,,,,,,,,,RTE: T2 SCHD: 9:21,--> O: 12:41 PM > I: 10:02 PM,,,,,,,,,,,,,,,,,,
ElmwoodSaturday8,Elmwood,2-28-2026,Saturday,,,,8,2023-10-11 2:05 PM,,2023-10-11 11:44 PM,9:29,10.2,,T2,8208,O,2:18 PM,I,11:42 PM,9:24,564,,,,,,,,,,,,,,,,,,,,,,,,,,,,,,,,,,,,,,,,,,,,,,,,,,,,,,,,,,,,,,,,,,,,,,,,,,,,,,,,,,RTE: T2 SCHD: 9:24,--> O: 02:18 PM > I: 11:42 PM,,,,,,,,,,,,,,,,,,
ElmwoodSaturday9,Elmwood,2-28-2026,Saturday,,,,9,2023-10-11 3:27 PM,,2023-10-12 1:49 AM,10:12,11.3,,T2,8209,O,3:40 PM,I,1:47 AM,10:07,607,,,,,,,,,,,,,,,,,,,,,,,,,,,,,,,,,,,,,,,,,,,,,,,,,,,,,,,,,,,,,,,,,,,,,,,,,,,,,,,,,,RTE: T2 SCHD: 10:07,--> O: 03:40 PM > I: 01:47 AM,,,,,,,,,,,,,,,,,,
ElmwoodSaturday10,Elmwood,2-28-2026,Saturday,,,,10,2023-10-11 4:26 PM,,2023-10-12 2:20 AM,9:44,10.6,,T2,8210,O,4:39 PM,I,2:18 AM,9:39,579,,,,,,,,,,,,,,,,,,,,,,,,,,,,,,,,,,,,,,,,,,,,,,,,,,,,,,,,,,,,,,,,,,,,,,,,,,,,,,,,,,RTE: T2 SCHD: 9:39,--> O: 04:39 PM > I: 02:18 AM,,,,,,,,,,,,,,,,,,
ElmwoodSaturday501,Elmwood,2-28-2026,Saturday,,,,501,2023-10-11 12:27 AM,,2023-10-11 9:29 AM,8:52,9.3,,T3,8151,O,12:40 AM,I,9:27 AM,8:47,527,,,,,,,,,,,,,,,,,,,,,,,,,,,,,,,,,,,,,,,,,,,,,,,,,,,,,,,,,,,,,,,,,,,,,,,,,,,,,,,,,,RTE: T3 SCHD: 8:47,--> O: 12:40 AM > I: 09:27 AM,,,,,,,,,,,,,,,,,,
ElmwoodSaturday502,Elmwood,2-28-2026,Saturday,,,,502,2023-10-11 1:03 AM,,2023-10-11 10:29 AM,9:16,9.9,,T3,8152,O,1:16 AM,I,10:27 AM,9:11,551,,,,,,,,,,,,,,,,,,,,,,,,,,,,,,,,,,,,,,,,,,,,,,,,,,,,,,,,,,,,,,,,,,,,,,,,,,,,,,,,,,RTE: T3 SCHD: 9:11,--> O: 01:16 AM > I: 10:27 AM,,,,,,,,,,,,,,,,,,
ElmwoodSaturday503,Elmwood,2-28-2026,Saturday,,,,503,2023-10-11 4:25 AM,,2023-10-11 2:33 PM,9:58,11,,T3,8153,O,4:38 AM,I,2:31 PM,9:53,593,,,,,,,,,,,,,,,,,,,,,,,,,,,,,,,,,,,,,,,,,,,,,,,,,,,,,,,,,,,,,,,,,,,,,,,,,,,,,,,,,,RTE: T3 SCHD: 9:53,--> O: 04:38 AM > I: 02:31 PM,,,,,,,,,,,,,,,,,,
ElmwoodSaturday504,Elmwood,2-28-2026,Saturday,,,,504,2023-10-11 6:43 AM,,2023-10-11 5:09 PM,10:16,11.4,,T3,8154,O,6:56 AM,I,5:07 PM,10:11,611,,,,,,,,,,,,,,,,,,,,,,,,,,,,,,,,,,,,,,,,,,,,,,,,,,,,,,,,,,,,,,,,,,,,,,,,,,,,,,,,,,RTE: T3 SCHD: 10:11,--> O: 06:56 AM > I: 05:07 PM,,,,,,,,,,,,,,,,,,
ElmwoodSaturday505,Elmwood,2-28-2026,Saturday,,,,505,2023-10-11 9:17 AM,,2023-10-11 4:45 PM,7:18,8,,T3,8156,O,9:30 AM,I,4:43 PM,7:13,433,,,,,,,,,,,,,,,,,,,,,,,,,,,,,,,,,,,,,,,,,,,,,,,,,,,,,,,,,,,,,,,,,,,,,,,,,,,,,,,,,,RTE: T3 SCHD: 7:13,--> O: 09:30 AM > I: 04:43 PM,,,,,,,,,,,,,,,,,,
ElmwoodSaturday506,Elmwood,2-28-2026,Saturday,,,,506,2023-10-11 9:00 AM,,2023-10-11 5:57 PM,8:47,9.2,,T3,8155,O,9:13 AM,I,5:55 PM,8:42,522,,,,,,,,,,,,,,,,,,,,,,,,,,,,,,,,,,,,,,,,,,,,,,,,,,,,,,,,,,,,,,,,,,,,,,,,,,,,,,,,,,RTE: T3 SCHD: 8:42,--> O: 09:13 AM > I: 05:55 PM,,,,,,,,,,,,,,,,,,
ElmwoodSaturday507,Elmwood,2-28-2026,Saturday,,,,507,2023-10-11 10:02 AM,,2023-10-11 7:12 PM,9:00,9.5,,T3,8157,O,10:15 AM,I,7:10 PM,8:55,535,,,,,,,,,,,,,,,,,,,,,,,,,,,,,,,,,,,,,,,,,,,,,,,,,,,,,,,,,,,,,,,,,,,,,,,,,,,,,,,,,,RTE: T3 SCHD: 8:55,--> O: 10:15 AM > I: 07:10 PM,,,,,,,,,,,,,,,,,,
ElmwoodSaturday508,Elmwood,2-28-2026,Saturday,,,,508,2023-10-11 10:48 AM,,2023-10-11 9:09 PM,10:11,11.3,,T3,8158,O,11:01 AM,I,9:07 PM,10:06,606,,,,,,,,,,,,,,,,,,,,,,,,,,,,,,,,,,,,,,,,,,,,,,,,,,,,,,,,,,,,,,,,,,,,,,,,,,,,,,,,,,RTE: T3 SCHD: 10:06,--> O: 11:01 AM > I: 09:07 PM,,,,,,,,,,,,,,,,,,
ElmwoodSaturday509,Elmwood,2-28-2026,Saturday,,,,509,2023-10-11 12:52 PM,,2023-10-11 9:40 PM,8:38,9,,T3,8159,O,1:05 PM,I,9:38 PM,8:33,513,,,,,,,,,,,,,,,,,,,,,,,,,,,,,,,,,,,,,,,,,,,,,,,,,,,,,,,,,,,,,,,,,,,,,,,,,,,,,,,,,,RTE: T3 SCHD: 8:33,--> O: 01:05 PM > I: 09:38 PM,,,,,,,,,,,,,,,,,,
ElmwoodSaturday510,Elmwood,2-28-2026,Saturday,,,,510,2023-10-11 2:03 PM,,2023-10-12 12:02 AM,9:49,10.7,,T3,8160,O,2:16 PM,I,12:00 AM,9:44,584,,,,,,,,,,,,,,,,,,,,,,,,,,,,,,,,,,,,,,,,,,,,,,,,,,,,,,,,,,,,,,,,,,,,,,,,,,,,,,,,,,RTE: T3 SCHD: 9:44,--> O: 02:16 PM > I: 12:00 AM,,,,,,,,,,,,,,,,,,
ElmwoodSaturday511,Elmwood,2-28-2026,Saturday,,,,511,2023-10-11 4:19 PM,,2023-10-12 1:00 AM,8:31,8.8,,T3,8161,O,4:32 PM,I,12:58 AM,8:26,506,,,,,,,,,,,,,,,,,,,,,,,,,,,,,,,,,,,,,,,,,,,,,,,,,,,,,,,,,,,,,,,,,,,,,,,,,,,,,,,,,,RTE: T3 SCHD: 8:26,--> O: 04:32 PM > I: 12:58 AM,,,,,,,,,,,,,,,,,,
ElmwoodSaturday512,Elmwood,2-28-2026,Saturday,,,,512,2023-10-11 5:34 PM,,2023-10-12 1:30 AM,7:46,8,,T3,8162,O,5:47 PM,I,1:28 AM,7:41,461,,,,,,,,,,,,,,,,,,,,,,,,,,,,,,,,,,,,,,,,,,,,,,,,,,,,,,,,,,,,,,,,,,,,,,,,,,,,,,,,,,RTE: T3 SCHD: 7:41,--> O: 05:47 PM > I: 01:28 AM,,,,,,,,,,,,,,,,,,
ElmwoodSaturday701,Elmwood,2-28-2026,Saturday,,,,701,2023-10-11 4:16 AM,,2023-10-11 2:28 PM,10:02,11.1,,T4,8101,O,4:29 AM,I,2:26 PM,9:57,597,,,,,,,,,,,,,,,,,,,,,,,,,,,,,,,,,,,,,,,,,,,,,,,,,,,,,,,,,,,,,,,,,,,,,,,,,,,,,,,,,,RTE: T4 SCHD: 9:57,--> O: 04:29 AM > I: 02:26 PM,,,,,,,,,,,,,,,,,,
ElmwoodSaturday702,Elmwood,2-28-2026,Saturday,12:10 PM,1Hrs 11Min,4260,702,2023-10-11 4:45 AM,,2023-10-11 3:28 PM,10:33,11.8,,T4,8102,O,4:58 AM,I,10:59 AM,6:01,361,,T4,8108,O,12:10 PM,I,3:26 PM,3:16,196,,,,,,,,,,,,,,,,,,,,,,,,,,,,,,,,,,,,,,,,,,,,,,,,,,,,,,,,,,,,,,,,,,,,,,,,,RTE: T4 SCHD: 6:01,--> O: 04:58 AM > I: 10:59 AM,RTE: T4 SCHD: 3:16,--> O: 12:10 PM > I: 03:26 PM,,,,,,,,,,,,,,,,
ElmwoodSaturday703,Elmwood,2-28-2026,Saturday,,,,703,2023-10-11 5:43 AM,,2023-10-11 3:04 PM,9:11,9.8,,T4,8103,O,5:56 AM,I,3:02 PM,9:06,546,,,,,,,,,,,,,,,,,,,,,,,,,,,,,,,,,,,,,,,,,,,,,,,,,,,,,,,,,,,,,,,,,,,,,,,,,,,,,,,,,,RTE: T4 SCHD: 9:06,--> O: 05:56 AM > I: 03:02 PM,,,,,,,,,,,,,,,,,,
ElmwoodSaturday704,Elmwood,2-28-2026,Saturday,,,,704,2023-10-11 7:19 AM,,2023-10-11 5:16 PM,9:47,10.7,,T4,8104,O,7:32 AM,I,5:14 PM,9:42,582,,,,,,,,,,,,,,,,,,,,,,,,,,,,,,,,,,,,,,,,,,,,,,,,,,,,,,,,,,,,,,,,,,,,,,,,,,,,,,,,,,RTE: T4 SCHD: 9:42,--> O: 07:32 AM > I: 05:14 PM,,,,,,,,,,,,,,,,,,
ElmwoodSaturday705,Elmwood,2-28-2026,Saturday,,,,705,2023-10-11 8:17 AM,,2023-10-11 4:28 PM,8:01,8,,T4,8105,O,8:30 AM,I,4:26 PM,7:56,476,,,,,,,,,,,,,,,,,,,,,,,,,,,,,,,,,,,,,,,,,,,,,,,,,,,,,,,,,,,,,,,,,,,,,,,,,,,,,,,,,,RTE: T4 SCHD: 7:56,--> O: 08:30 AM > I: 04:26 PM,,,,,,,,,,,,,,,,,,
ElmwoodSaturday706,Elmwood,2-28-2026,Saturday,,,,706,2023-10-11 10:43 AM,,2023-10-11 6:51 PM,7:58,8,,T4,8107,O,10:56 AM,I,6:49 PM,7:53,473,,,,,,,,,,,,,,,,,,,,,,,,,,,,,,,,,,,,,,,,,,,,,,,,,,,,,,,,,,,,,,,,,,,,,,,,,,,,,,,,,,RTE: T4 SCHD: 7:53,--> O: 10:56 AM > I: 06:49 PM,,,,,,,,,,,,,,,,,,
ElmwoodSaturday707,Elmwood,2-28-2026,Saturday,,,,707,2023-10-11 12:47 PM,,2023-10-11 8:49 PM,7:52,8,,T4,8109,O,1:00 PM,I,8:47 PM,7:47,467,,,,,,,,,,,,,,,,,,,,,,,,,,,,,,,,,,,,,,,,,,,,,,,,,,,,,,,,,,,,,,,,,,,,,,,,,,,,,,,,,,RTE: T4 SCHD: 7:47,--> O: 01:00 PM > I: 08:47 PM,,,,,,,,,,,,,,,,,,
ElmwoodSaturday708,Elmwood,2-28-2026,Saturday,,,,708,2023-10-11 10:13 AM,,2023-10-11 9:19 PM,10:56,12.4,,T4,8106,O,10:26 AM,I,9:17 PM,10:51,651,,,,,,,,,,,,,,,,,,,,,,,,,,,,,,,,,,,,,,,,,,,,,,,,,,,,,,,,,,,,,,,,,,,,,,,,,,,,,,,,,,RTE: T4 SCHD: 10:51,--> O: 10:26 AM > I: 09:17 PM,,,,,,,,,,,,,,,,,,
ElmwoodSaturday709,Elmwood,2-28-2026,Saturday,,,,709,2023-10-11 2:11 PM,,2023-10-11 11:36 PM,9:15,9.9,,T4,8110,O,2:24 PM,I,11:34 PM,9:10,550,,,,,,,,,,,,,,,,,,,,,,,,,,,,,,,,,,,,,,,,,,,,,,,,,,,,,,,,,,,,,,,,,,,,,,,,,,,,,,,,,,RTE: T4 SCHD: 9:10,--> O: 02:24 PM > I: 11:34 PM,,,,,,,,,,,,,,,,,,
ElmwoodSaturday710,Elmwood,2-28-2026,Saturday,,,,710,2023-10-11 2:47 PM,,2023-10-12 1:20 AM,10:23,11.6,,T4,8111,O,3:00 PM,I,1:18 AM,10:18,618,,,,,,,,,,,,,,,,,,,,,,,,,,,,,,,,,,,,,,,,,,,,,,,,,,,,,,,,,,,,,,,,,,,,,,,,,,,,,,,,,,RTE: T4 SCHD: 10:18,--> O: 03:00 PM > I: 01:18 AM,,,,,,,,,,,,,,,,,,
ElmwoodSaturday711,Elmwood,2-28-2026,Saturday,,,,711,2023-10-11 3:11 PM,,2023-10-12 1:49 AM,10:28,11.7,,T4,8112,O,3:24 PM,I,1:47 AM,10:23,623,,,,,,,,,,,,,,,,,,,,,,,,,,,,,,,,,,,,,,,,,,,,,,,,,,,,,,,,,,,,,,,,,,,,,,,,,,,,,,,,,,RTE: T4 SCHD: 10:23,--> O: 03:24 PM > I: 01:47 AM,,,,,,,,,,,,,,,,,,
ElmwoodSaturday712,Elmwood,2-28-2026,Saturday,,,,712,2023-10-11 6:31 PM,,2023-10-12 2:19 AM,7:38,8,,T4,8113,O,6:44 PM,I,2:17 AM,7:33,453,,,,,,,,,,,,,,,,,,,,,,,,,,,,,,,,,,,,,,,,,,,,,,,,,,,,,,,,,,,,,,,,,,,,,,,,,,,,,,,,,,RTE: T4 SCHD: 7:33,--> O: 06:44 PM > I: 02:17 AM,,,,,,,,,,,,,,,,,,
ElmwoodSaturday301,Elmwood,2-28-2026,Saturday,,,,301,2023-10-11 12:20 AM,,2023-10-11 8:58 AM,8:28,8.7,,T5,8251,O,12:33 AM,I,8:56 AM,8:23,503,,,,,,,,,,,,,,,,,,,,,,,,,,,,,,,,,,,,,,,,,,,,,,,,,,,,,,,,,,,,,,,,,,,,,,,,,,,,,,,,,,RTE: T5 SCHD: 8:23,--> O: 12:33 AM > I: 08:56 AM,,,,,,,,,,,,,,,,,,
ElmwoodSaturday302,Elmwood,2-28-2026,Saturday,,,,302,2023-10-11 12:52 AM,,2023-10-11 9:13 AM,8:11,8.3,,T5,8252,O,1:05 AM,I,9:11 AM,8:06,486,,,,,,,,,,,,,,,,,,,,,,,,,,,,,,,,,,,,,,,,,,,,,,,,,,,,,,,,,,,,,,,,,,,,,,,,,,,,,,,,,,RTE: T5 SCHD: 8:06,--> O: 01:05 AM > I: 09:11 AM,,,,,,,,,,,,,,,,,,
ElmwoodSaturday303,Elmwood,2-28-2026,Saturday,,,,303,2023-10-11 4:29 AM,,2023-10-11 1:58 PM,9:19,10,,T5,8253,O,4:42 AM,I,1:56 PM,9:14,554,,,,,,,,,,,,,,,,,,,,,,,,,,,,,,,,,,,,,,,,,,,,,,,,,,,,,,,,,,,,,,,,,,,,,,,,,,,,,,,,,,RTE: T5 SCHD: 9:14,--> O: 04:42 AM > I: 01:56 PM,,,,,,,,,,,,,,,,,,
ElmwoodSaturday304,Elmwood,2-28-2026,Saturday,,,,304,2023-10-11 7:18 AM,,2023-10-11 3:44 PM,8:16,8.4,,T5,8254,O,7:31 AM,I,3:42 PM,8:11,491,,,,,,,,,,,,,,,,,,,,,,,,,,,,,,,,,,,,,,,,,,,,,,,,,,,,,,,,,,,,,,,,,,,,,,,,,,,,,,,,,,RTE: T5 SCHD: 8:11,--> O: 07:31 AM > I: 03:42 PM,,,,,,,,,,,,,,,,,,
ElmwoodSaturday305,Elmwood,2-28-2026,Saturday,,,,305,2023-10-11 8:45 AM,,2023-10-11 3:59 PM,7:04,8,,T5,8256,O,8:58 AM,I,3:57 PM,6:59,419,,,,,,,,,,,,,,,,,,,,,,,,,,,,,,,,,,,,,,,,,,,,,,,,,,,,,,,,,,,,,,,,,,,,,,,,,,,,,,,,,,RTE: T5 SCHD: 6:59,--> O: 08:58 AM > I: 03:57 PM,,,,,,,,,,,,,,,,,,
ElmwoodSaturday306,Elmwood,2-28-2026,Saturday,,,,306,2023-10-11 8:00 AM,,2023-10-11 4:44 PM,8:34,8.9,,T5,8255,O,8:13 AM,I,4:42 PM,8:29,509,,,,,,,,,,,,,,,,,,,,,,,,,,,,,,,,,,,,,,,,,,,,,,,,,,,,,,,,,,,,,,,,,,,,,,,,,,,,,,,,,,RTE: T5 SCHD: 8:29,--> O: 08:13 AM > I: 04:42 PM,,,,,,,,,,,,,,,,,,
ElmwoodSaturday307,Elmwood,2-28-2026,Saturday,2:13 PM,0Hrs 47Min,2820,307,2023-10-11 9:00 AM,,2023-10-11 7:54 PM,10:44,12.1,,T5,8257,O,9:13 AM,I,1:26 PM,4:13,253,,T5,8260,O,2:13 PM,I,7:52 PM,5:39,339,,,,,,,,,,,,,,,,,,,,,,,,,,,,,,,,,,,,,,,,,,,,,,,,,,,,,,,,,,,,,,,,,,,,,,,,,RTE: T5 SCHD: 4:13,--> O: 09:13 AM > I: 01:26 PM,RTE: T5 SCHD: 5:39,--> O: 02:13 PM > I: 07:52 PM,,,,,,,,,,,,,,,,
ElmwoodSaturday308,Elmwood,2-28-2026,Saturday,,,,308,2023-10-11 10:16 AM,,2023-10-11 8:39 PM,10:13,11.3,,T5,8258,O,10:29 AM,I,8:37 PM,10:08,608,,,,,,,,,,,,,,,,,,,,,,,,,,,,,,,,,,,,,,,,,,,,,,,,,,,,,,,,,,,,,,,,,,,,,,,,,,,,,,,,,,RTE: T5 SCHD: 10:08,--> O: 10:29 AM > I: 08:37 PM,,,,,,,,,,,,,,,,,,
ElmwoodSaturday309,Elmwood,2-28-2026,Saturday,,,,309,2023-10-11 1:30 PM,,2023-10-11 10:03 PM,8:23,8.6,,T5,8259,O,1:43 PM,I,10:01 PM,8:18,498,,,,,,,,,,,,,,,,,,,,,,,,,,,,,,,,,,,,,,,,,,,,,,,,,,,,,,,,,,,,,,,,,,,,,,,,,,,,,,,,,,RTE: T5 SCHD: 8:18,--> O: 01:43 PM > I: 10:01 PM,,,,,,,,,,,,,,,,,,
ElmwoodSaturday310,Elmwood,2-28-2026,Saturday,,,,310,2023-10-11 3:44 PM,,2023-10-12 12:12 AM,8:18,8.5,,T5,8261,O,3:57 PM,I,12:10 AM,8:13,493,,,,,,,,,,,,,,,,,,,,,,,,,,,,,,,,,,,,,,,,,,,,,,,,,,,,,,,,,,,,,,,,,,,,,,,,,,,,,,,,,,RTE: T5 SCHD: 8:13,--> O: 03:57 PM > I: 12:10 AM,,,,,,,,,,,,,,,,,,
ElmwoodSaturday311,Elmwood,2-28-2026,Saturday,,,,311,2023-10-11 3:58 PM,,2023-10-12 12:40 AM,8:32,8.8,,T5,8262,O,4:11 PM,I,12:38 AM,8:27,507,,,,,,,,,,,,,,,,,,,,,,,,,,,,,,,,,,,,,,,,,,,,,,,,,,,,,,,,,,,,,,,,,,,,,,,,,,,,,,,,,,RTE: T5 SCHD: 8:27,--> O: 04:11 PM > I: 12:38 AM,,,,,,,,,,,,,,,,,,
ElmwoodSaturday312,Elmwood,2-28-2026,Saturday,,,,312,2023-10-11 4:43 PM,,2023-10-12 1:04 AM,8:11,8.3,,T5,8263,O,4:56 PM,I,1:02 AM,8:06,486,,,,,,,,,,,,,,,,,,,,,,,,,,,,,,,,,,,,,,,,,,,,,,,,,,,,,,,,,,,,,,,,,,,,,,,,,,,,,,,,,,RTE: T5 SCHD: 8:06,--> O: 04:56 PM > I: 01:02 AM,,,,,,,,,,,,,,,,,,
ElmwoodSaturday351,Elmwood,2-28-2026,Saturday,,,,351,2023-10-11 4:05 AM,,2023-10-11 2:04 PM,9:49,10.7,,T5 BUS,8291,O,4:18 AM,I,2:02 PM,9:44,584,,,,,,,,,,,,,,,,,,,,,,,,,,,,,,,,,,,,,,,,,,,,,,,,,,,,,,,,,,,,,,,,,,,,,,,,,,,,,,,,,,RTE: T5 BUS SCHD: 9:44,--> O: 04:18 AM > I: 02:02 PM,,,,,,,,,,,,,,,,,,
ElmwoodSaturday352,Elmwood,2-28-2026,Saturday,,,,352,2023-10-11 5:43 AM,,2023-10-11 3:35 PM,9:42,10.6,,T5 BUS,8292,O,5:56 AM,I,3:33 PM,9:37,577,,,,,,,,,,,,,,,,,,,,,,,,,,,,,,,,,,,,,,,,,,,,,,,,,,,,,,,,,,,,,,,,,,,,,,,,,,,,,,,,,,RTE: T5 BUS SCHD: 9:37,--> O: 05:56 AM > I: 03:33 PM,,,,,,,,,,,,,,,,,,
ElmwoodSaturday353,Elmwood,2-28-2026,Saturday,,,,353,2023-10-11 1:15 PM,,2023-10-11 10:56 PM,9:31,10.3,,T5 BUS,8293,O,1:28 PM,I,10:54 PM,9:26,566,,,,,,,,,,,,,,,,,,,,,,,,,,,,,,,,,,,,,,,,,,,,,,,,,,,,,,,,,,,,,,,,,,,,,,,,,,,,,,,,,,RTE: T5 BUS SCHD: 9:26,--> O: 01:28 PM > I: 10:54 PM,,,,,,,,,,,,,,,,,,
ElmwoodSaturday354,Elmwood,2-28-2026,Saturday,,,,354,2023-10-11 2:31 PM,,2023-10-12 12:59 AM,10:18,11.5,,T5 BUS,8294,O,2:44 PM,I,12:57 AM,10:13,613,,,,,,,,,,,,,,,,,,,,,,,,,,,,,,,,,,,,,,,,,,,,,,,,,,,,,,,,,,,,,,,,,,,,,,,,,,,,,,,,,,RTE: T5 BUS SCHD: 10:13,--> O: 02:44 PM > I: 12:57 AM,,,,,,,,,,,,,,,,,,
ElmwoodSunday1,Elmwood,2-22-2026,Sunday,,,,1,2023-10-11 4:24 AM,,2023-10-11 12:24 PM,7:50,8,,T2,8201,O,4:37 AM,I,12:22 PM,7:45,465,,,,,,,,,,,,,,,,,,,,,,,,,,,,,,,,,,,,,,,,,,,,,,,,,,,,,,,,,,,,,,,,,,,,,,,,,,,,,,,,,,RTE: T2 SCHD: 7:45,--> O: 04:37 AM > I: 12:22 PM,,,,,,,,,,,,,,,,,,
ElmwoodSunday2,Elmwood,2-22-2026,Sunday,,,,2,2023-10-11 4:55 AM,,2023-10-11 2:04 PM,8:59,9.5,,T2,8202,O,5:08 AM,I,2:02 PM,8:54,534,,,,,,,,,,,,,,,,,,,,,,,,,,,,,,,,,,,,,,,,,,,,,,,,,,,,,,,,,,,,,,,,,,,,,,,,,,,,,,,,,,RTE: T2 SCHD: 8:54,--> O: 05:08 AM > I: 02:02 PM,,,,,,,,,,,,,,,,,,
ElmwoodSunday3,Elmwood,2-22-2026,Sunday,,,,3,2023-10-11 8:16 AM,,2023-10-11 5:07 PM,8:41,9,,T2,8203,O,8:29 AM,I,5:05 PM,8:36,516,,,,,,,,,,,,,,,,,,,,,,,,,,,,,,,,,,,,,,,,,,,,,,,,,,,,,,,,,,,,,,,,,,,,,,,,,,,,,,,,,,RTE: T2 SCHD: 8:36,--> O: 08:29 AM > I: 05:05 PM,,,,,,,,,,,,,,,,,,
ElmwoodSunday4,Elmwood,2-22-2026,Sunday,,,,4,2023-10-11 9:48 AM,,2023-10-11 6:45 PM,8:47,9.2,,T2,8204,O,10:01 AM,I,6:43 PM,8:42,522,,,,,,,,,,,,,,,,,,,,,,,,,,,,,,,,,,,,,,,,,,,,,,,,,,,,,,,,,,,,,,,,,,,,,,,,,,,,,,,,,,RTE: T2 SCHD: 8:42,--> O: 10:01 AM > I: 06:43 PM,,,,,,,,,,,,,,,,,,
ElmwoodSunday5,Elmwood,2-22-2026,Sunday,,,,5,2023-10-11 11:24 AM,,2023-10-11 7:05 PM,7:31,8,,T2,8205,O,11:37 AM,I,7:03 PM,7:26,446,,,,,,,,,,,,,,,,,,,,,,,,,,,,,,,,,,,,,,,,,,,,,,,,,,,,,,,,,,,,,,,,,,,,,,,,,,,,,,,,,,RTE: T2 SCHD: 7:26,--> O: 11:37 AM > I: 07:03 PM,,,,,,,,,,,,,,,,,,
ElmwoodSunday6,Elmwood,2-22-2026,Sunday,,,,6,2023-10-11 1:08 PM,,2023-10-11 8:42 PM,7:24,8,,T2,8206,O,1:21 PM,I,8:40 PM,7:19,439,,,,,,,,,,,,,,,,,,,,,,,,,,,,,,,,,,,,,,,,,,,,,,,,,,,,,,,,,,,,,,,,,,,,,,,,,,,,,,,,,,RTE: T2 SCHD: 7:19,--> O: 01:21 PM > I: 08:40 PM,,,,,,,,,,,,,,,,,,
ElmwoodSunday7,Elmwood,2-22-2026,Sunday,,,,7,2023-10-11 4:06 PM,,2023-10-12 12:04 AM,7:48,8,,T2,8207,O,4:19 PM,I,12:02 AM,7:43,463,,,,,,,,,,,,,,,,,,,,,,,,,,,,,,,,,,,,,,,,,,,,,,,,,,,,,,,,,,,,,,,,,,,,,,,,,,,,,,,,,,RTE: T2 SCHD: 7:43,--> O: 04:19 PM > I: 12:02 AM,,,,,,,,,,,,,,,,,,
ElmwoodSunday7,Elmwood,2-22-2026,Sunday,,,,7,2023-10-11 4:06 PM,,2023-10-12 12:04 AM,7:48,8,,T2,8207,O,4:19 PM,I,12:02 AM,7:43,463,,,,,,,,,,,,,,,,,,,,,,,,,,,,,,,,,,,,,,,,,,,,,,,,,,,,,,,,,,,,,,,,,,,,,,,,,,,,,,,,,,RTE: T2 SCHD: 7:43,--> O: 04:19 PM > I: 12:02 AM,,,,,,,,,,,,,,,,,,
ElmwoodSunday8,Elmwood,2-22-2026,Sunday,,,,8,2023-10-11 6:08 PM,,2023-10-12 1:49 AM,7:31,8,,T2,8209,O,6:21 PM,I,1:47 AM,7:26,446,,,,,,,,,,,,,,,,,,,,,,,,,,,,,,,,,,,,,,,,,,,,,,,,,,,,,,,,,,,,,,,,,,,,,,,,,,,,,,,,,,RTE: T2 SCHD: 7:26,--> O: 06:21 PM > I: 01:47 AM,,,,,,,,,,,,,,,,,,
ElmwoodSunday8,Elmwood,2-22-2026,Sunday,,,,8,2023-10-11 6:08 PM,,2023-10-12 1:49 AM,7:31,8,,T2,8209,O,6:21 PM,I,1:47 AM,7:26,446,,,,,,,,,,,,,,,,,,,,,,,,,,,,,,,,,,,,,,,,,,,,,,,,,,,,,,,,,,,,,,,,,,,,,,,,,,,,,,,,,,RTE: T2 SCHD: 7:26,--> O: 06:21 PM > I: 01:47 AM,,,,,,,,,,,,,,,,,,
ElmwoodSunday9,Elmwood,2-22-2026,Sunday,,,,9,2023-10-11 5:49 PM,,2023-10-12 2:20 AM,8:21,8.5,,T2,8208,O,6:02 PM,I,2:18 AM,8:16,496,,,,,,,,,,,,,,,,,,,,,,,,,,,,,,,,,,,,,,,,,,,,,,,,,,,,,,,,,,,,,,,,,,,,,,,,,,,,,,,,,,RTE: T2 SCHD: 8:16,--> O: 06:02 PM > I: 02:18 AM,,,,,,,,,,,,,,,,,,
ElmwoodSunday9,Elmwood,2-22-2026,Sunday,,,,9,2023-10-11 5:49 PM,,2023-10-12 2:20 AM,8:21,8.5,,T2,8208,O,6:02 PM,I,2:18 AM,8:16,496,,,,,,,,,,,,,,,,,,,,,,,,,,,,,,,,,,,,,,,,,,,,,,,,,,,,,,,,,,,,,,,,,,,,,,,,,,,,,,,,,,RTE: T2 SCHD: 8:16,--> O: 06:02 PM > I: 02:18 AM,,,,,,,,,,,,,,,,,,
ElmwoodSunday501,Elmwood,2-22-2026,Sunday,,,,501,2023-10-11 12:27 AM,,2023-10-11 7:52 AM,7:15,8,,T3,8151,O,12:40 AM,I,7:50 AM,7:10,430,,,,,,,,,,,,,,,,,,,,,,,,,,,,,,,,,,,,,,,,,,,,,,,,,,,,,,,,,,,,,,,,,,,,,,,,,,,,,,,,,,RTE: T3 SCHD: 7:10,--> O: 12:40 AM > I: 07:50 AM,,,,,,,,,,,,,,,,,,
ElmwoodSunday502,Elmwood,2-22-2026,Sunday,,,,502,2023-10-11 1:03 AM,,2023-10-11 8:54 AM,7:41,8,,T3,8152,O,1:16 AM,I,8:52 AM,7:36,456,,,,,,,,,,,,,,,,,,,,,,,,,,,,,,,,,,,,,,,,,,,,,,,,,,,,,,,,,,,,,,,,,,,,,,,,,,,,,,,,,,RTE: T3 SCHD: 7:36,--> O: 01:16 AM > I: 08:52 AM,,,,,,,,,,,,,,,,,,
ElmwoodSunday503,Elmwood,2-22-2026,Sunday,3:35 PM,1Hrs 33Min,5580,503,2023-10-11 6:41 AM,,2023-10-11 5:14 PM,10:23,11.6,,T3,8153,O,6:54 AM,I,2:02 PM,7:08,428,,T4,8108,O,3:35 PM,I,5:12 PM,1:37,97,,,,,,,,,,,,,,,,,,,,,,,,,,,,,,,,,,,,,,,,,,,,,,,,,,,,,,,,,,,,,,,,,,,,,,,,,RTE: T3 SCHD: 7:08,--> O: 06:54 AM > I: 02:02 PM,RTE: T4 SCHD: 1:37,--> O: 03:35 PM > I: 05:12 PM,,,,,,,,,,,,,,,,
ElmwoodSunday504,Elmwood,2-22-2026,Sunday,,,,504,2023-10-11 7:41 AM,,2023-10-11 4:26 PM,8:35,8.9,,T3,8154,O,7:54 AM,I,4:24 PM,8:30,510,,,,,,,,,,,,,,,,,,,,,,,,,,,,,,,,,,,,,,,,,,,,,,,,,,,,,,,,,,,,,,,,,,,,,,,,,,,,,,,,,,RTE: T3 SCHD: 8:30,--> O: 07:54 AM > I: 04:24 PM,,,,,,,,,,,,,,,,,,
ElmwoodSunday505,Elmwood,2-22-2026,Sunday,,,,505,2023-10-11 8:40 AM,,2023-10-11 5:06 PM,8:16,8.4,,T3,8155,O,8:53 AM,I,5:04 PM,8:11,491,,,,,,,,,,,,,,,,,,,,,,,,,,,,,,,,,,,,,,,,,,,,,,,,,,,,,,,,,,,,,,,,,,,,,,,,,,,,,,,,,,RTE: T3 SCHD: 8:11,--> O: 08:53 AM > I: 05:04 PM,,,,,,,,,,,,,,,,,,
ElmwoodSunday506,Elmwood,2-22-2026,Sunday,,,,506,2023-10-11 10:14 AM,,2023-10-11 5:26 PM,7:02,8,,T3,8156,O,10:27 AM,I,5:24 PM,6:57,417,,,,,,,,,,,,,,,,,,,,,,,,,,,,,,,,,,,,,,,,,,,,,,,,,,,,,,,,,,,,,,,,,,,,,,,,,,,,,,,,,,RTE: T3 SCHD: 6:57,--> O: 10:27 AM > I: 05:24 PM,,,,,,,,,,,,,,,,,,
ElmwoodSunday507,Elmwood,2-22-2026,Sunday,,,,507,2023-10-11 1:34 PM,,2023-10-11 9:56 PM,8:12,8.3,,T3,8157,O,1:47 PM,I,9:54 PM,8:07,487,,,,,,,,,,,,,,,,,,,,,,,,,,,,,,,,,,,,,,,,,,,,,,,,,,,,,,,,,,,,,,,,,,,,,,,,,,,,,,,,,,RTE: T3 SCHD: 8:07,--> O: 01:47 PM > I: 09:54 PM,,,,,,,,,,,,,,,,,,
ElmwoodSunday508,Elmwood,2-22-2026,Sunday,,,,508,2023-10-11 3:55 PM,,2023-10-12 12:30 AM,8:25,8.6,,T3,8158,O,4:08 PM,I,12:28 AM,8:20,500,,,,,,,,,,,,,,,,,,,,,,,,,,,,,,,,,,,,,,,,,,,,,,,,,,,,,,,,,,,,,,,,,,,,,,,,,,,,,,,,,,RTE: T3 SCHD: 8:20,--> O: 04:08 PM > I: 12:28 AM,,,,,,,,,,,,,,,,,,
ElmwoodSunday508,Elmwood,2-22-2026,Sunday,,,,508,2023-10-11 3:55 PM,,2023-10-12 12:30 AM,8:25,8.6,,T3,8158,O,4:08 PM,I,12:28 AM,8:20,500,,,,,,,,,,,,,,,,,,,,,,,,,,,,,,,,,,,,,,,,,,,,,,,,,,,,,,,,,,,,,,,,,,,,,,,,,,,,,,,,,,RTE: T3 SCHD: 8:20,--> O: 04:08 PM > I: 12:28 AM,,,,,,,,,,,,,,,,,,
ElmwoodSunday509,Elmwood,2-22-2026,Sunday,,,,509,2023-10-11 4:35 PM,,2023-10-12 12:58 AM,8:13,8.3,,T3,8159,O,4:48 PM,I,12:56 AM,8:08,488,,,,,,,,,,,,,,,,,,,,,,,,,,,,,,,,,,,,,,,,,,,,,,,,,,,,,,,,,,,,,,,,,,,,,,,,,,,,,,,,,,RTE: T3 SCHD: 8:08,--> O: 04:48 PM > I: 12:56 AM,,,,,,,,,,,,,,,,,,
ElmwoodSunday509,Elmwood,2-22-2026,Sunday,,,,509,2023-10-11 4:35 PM,,2023-10-12 12:58 AM,8:13,8.3,,T3,8159,O,4:48 PM,I,12:56 AM,8:08,488,,,,,,,,,,,,,,,,,,,,,,,,,,,,,,,,,,,,,,,,,,,,,,,,,,,,,,,,,,,,,,,,,,,,,,,,,,,,,,,,,,RTE: T3 SCHD: 8:08,--> O: 04:48 PM > I: 12:56 AM,,,,,,,,,,,,,,,,,,
ElmwoodSunday510,Elmwood,2-22-2026,Sunday,,,,510,2023-10-11 4:55 PM,,2023-10-12 1:28 AM,8:23,8.6,,T3,8160,O,5:08 PM,I,1:26 AM,8:18,498,,,,,,,,,,,,,,,,,,,,,,,,,,,,,,,,,,,,,,,,,,,,,,,,,,,,,,,,,,,,,,,,,,,,,,,,,,,,,,,,,,RTE: T3 SCHD: 8:18,--> O: 05:08 PM > I: 01:26 AM,,,,,,,,,,,,,,,,,,
ElmwoodSunday510,Elmwood,2-22-2026,Sunday,,,,510,2023-10-11 4:55 PM,,2023-10-12 1:28 AM,8:23,8.6,,T3,8160,O,5:08 PM,I,1:26 AM,8:18,498,,,,,,,,,,,,,,,,,,,,,,,,,,,,,,,,,,,,,,,,,,,,,,,,,,,,,,,,,,,,,,,,,,,,,,,,,,,,,,,,,,RTE: T3 SCHD: 8:18,--> O: 05:08 PM > I: 01:26 AM,,,,,,,,,,,,,,,,,,
ElmwoodSunday701,Elmwood,2-22-2026,Sunday,,,,701,2023-10-11 4:16 AM,,2023-10-11 1:30 PM,9:04,9.6,,T4,8101,O,4:29 AM,I,1:28 PM,8:59,539,,,,,,,,,,,,,,,,,,,,,,,,,,,,,,,,,,,,,,,,,,,,,,,,,,,,,,,,,,,,,,,,,,,,,,,,,,,,,,,,,,RTE: T4 SCHD: 8:59,--> O: 04:29 AM > I: 01:28 PM,,,,,,,,,,,,,,,,,,
ElmwoodSunday702,Elmwood,2-22-2026,Sunday,,,,702,2023-10-11 4:45 AM,,2023-10-11 2:10 PM,9:15,9.9,,T4,8102,O,4:58 AM,I,2:08 PM,9:10,550,,,,,,,,,,,,,,,,,,,,,,,,,,,,,,,,,,,,,,,,,,,,,,,,,,,,,,,,,,,,,,,,,,,,,,,,,,,,,,,,,,RTE: T4 SCHD: 9:10,--> O: 04:58 AM > I: 02:08 PM,,,,,,,,,,,,,,,,,,
ElmwoodSunday703,Elmwood,2-22-2026,Sunday,,,,703,2023-10-11 5:45 AM,,2023-10-11 3:12 PM,9:17,9.9,,T4,8103,O,5:58 AM,I,3:10 PM,9:12,552,,,,,,,,,,,,,,,,,,,,,,,,,,,,,,,,,,,,,,,,,,,,,,,,,,,,,,,,,,,,,,,,,,,,,,,,,,,,,,,,,,RTE: T4 SCHD: 9:12,--> O: 05:58 AM > I: 03:10 PM,,,,,,,,,,,,,,,,,,
ElmwoodSunday704,Elmwood,2-22-2026,Sunday,,,,704,2023-10-11 9:34 AM,,2023-10-11 5:33 PM,7:49,8,,T4,8104,O,9:47 AM,I,5:31 PM,7:44,464,,,,,,,,,,,,,,,,,,,,,,,,,,,,,,,,,,,,,,,,,,,,,,,,,,,,,,,,,,,,,,,,,,,,,,,,,,,,,,,,,,RTE: T4 SCHD: 7:44,--> O: 09:47 AM > I: 05:31 PM,,,,,,,,,,,,,,,,,,
ElmwoodSunday705,Elmwood,2-22-2026,Sunday,,,,705,2023-10-11 11:23 AM,,2023-10-11 9:27 PM,9:54,10.9,,T4,8105,O,11:36 AM,I,9:25 PM,9:49,589,,,,,,,,,,,,,,,,,,,,,,,,,,,,,,,,,,,,,,,,,,,,,,,,,,,,,,,,,,,,,,,,,,,,,,,,,,,,,,,,,,RTE: T4 SCHD: 9:49,--> O: 11:36 AM > I: 09:25 PM,,,,,,,,,,,,,,,,,,
ElmwoodSunday706,Elmwood,2-22-2026,Sunday,,,,706,2023-10-11 1:42 PM,,2023-10-11 11:09 PM,9:17,9.9,,T4,8106,O,1:55 PM,I,11:07 PM,9:12,552,,,,,,,,,,,,,,,,,,,,,,,,,,,,,,,,,,,,,,,,,,,,,,,,,,,,,,,,,,,,,,,,,,,,,,,,,,,,,,,,,,RTE: T4 SCHD: 9:12,--> O: 01:55 PM > I: 11:07 PM,,,,,,,,,,,,,,,,,,
ElmwoodSunday706,Elmwood,2-22-2026,Sunday,,,,706,2023-10-11 1:42 PM,,2023-10-11 11:09 PM,9:17,9.9,,T4,8106,O,1:55 PM,I,11:07 PM,9:12,552,,,,,,,,,,,,,,,,,,,,,,,,,,,,,,,,,,,,,,,,,,,,,,,,,,,,,,,,,,,,,,,,,,,,,,,,,,,,,,,,,,RTE: T4 SCHD: 9:12,--> O: 01:55 PM > I: 11:07 PM,,,,,,,,,,,,,,,,,,
ElmwoodSunday707,Elmwood,2-22-2026,Sunday,,,,707,2023-10-11 2:22 PM,,2023-10-12 1:18 AM,10:46,12.2,,T4,8107,O,2:35 PM,I,1:16 AM,10:41,641,,,,,,,,,,,,,,,,,,,,,,,,,,,,,,,,,,,,,,,,,,,,,,,,,,,,,,,,,,,,,,,,,,,,,,,,,,,,,,,,,,RTE: T4 SCHD: 10:41,--> O: 02:35 PM > I: 01:16 AM,,,,,,,,,,,,,,,,,,
ElmwoodSunday707,Elmwood,2-22-2026,Sunday,,,,707,2023-10-11 2:22 PM,,2023-10-12 1:18 AM,10:46,12.2,,T4,8107,O,2:35 PM,I,1:16 AM,10:41,641,,,,,,,,,,,,,,,,,,,,,,,,,,,,,,,,,,,,,,,,,,,,,,,,,,,,,,,,,,,,,,,,,,,,,,,,,,,,,,,,,,RTE: T4 SCHD: 10:41,--> O: 02:35 PM > I: 01:16 AM,,,,,,,,,,,,,,,,,,
ElmwoodSunday708,Elmwood,2-22-2026,Sunday,,,,708,2023-10-11 5:45 PM,,2023-10-12 1:47 AM,7:52,8,,T4,8110,O,5:58 PM,I,1:45 AM,7:47,467,,,,,,,,,,,,,,,,,,,,,,,,,,,,,,,,,,,,,,,,,,,,,,,,,,,,,,,,,,,,,,,,,,,,,,,,,,,,,,,,,,RTE: T4 SCHD: 7:47,--> O: 05:58 PM > I: 01:45 AM,,,,,,,,,,,,,,,,,,
ElmwoodSunday708,Elmwood,2-22-2026,Sunday,,,,708,2023-10-11 5:45 PM,,2023-10-12 1:47 AM,7:52,8,,T4,8110,O,5:58 PM,I,1:45 AM,7:47,467,,,,,,,,,,,,,,,,,,,,,,,,,,,,,,,,,,,,,,,,,,,,,,,,,,,,,,,,,,,,,,,,,,,,,,,,,,,,,,,,,,RTE: T4 SCHD: 7:47,--> O: 05:58 PM > I: 01:45 AM,,,,,,,,,,,,,,,,,,
ElmwoodSunday709,Elmwood,2-22-2026,Sunday,,,,709,2023-10-11 5:03 PM,,2023-10-12 2:17 AM,9:04,9.6,,T4,8109,O,5:16 PM,I,2:15 AM,8:59,539,,,,,,,,,,,,,,,,,,,,,,,,,,,,,,,,,,,,,,,,,,,,,,,,,,,,,,,,,,,,,,,,,,,,,,,,,,,,,,,,,,RTE: T4 SCHD: 8:59,--> O: 05:16 PM > I: 02:15 AM,,,,,,,,,,,,,,,,,,
ElmwoodSunday709,Elmwood,2-22-2026,Sunday,,,,709,2023-10-11 5:03 PM,,2023-10-12 2:17 AM,9:04,9.6,,T4,8109,O,5:16 PM,I,2:15 AM,8:59,539,,,,,,,,,,,,,,,,,,,,,,,,,,,,,,,,,,,,,,,,,,,,,,,,,,,,,,,,,,,,,,,,,,,,,,,,,,,,,,,,,,RTE: T4 SCHD: 8:59,--> O: 05:16 PM > I: 02:15 AM,,,,,,,,,,,,,,,,,,
ElmwoodSunday301,Elmwood,2-22-2026,Sunday,,,,301,2023-10-11 12:20 AM,,2023-10-11 8:57 AM,8:27,8.7,,T5,8251,O,12:33 AM,I,8:55 AM,8:22,502,,,,,,,,,,,,,,,,,,,,,,,,,,,,,,,,,,,,,,,,,,,,,,,,,,,,,,,,,,,,,,,,,,,,,,,,,,,,,,,,,,RTE: T5 SCHD: 8:22,--> O: 12:33 AM > I: 08:55 AM,,,,,,,,,,,,,,,,,,
ElmwoodSunday302,Elmwood,2-22-2026,Sunday,,,,302,2023-10-11 12:52 AM,,2023-10-11 8:28 AM,7:26,8,,T5,8252,O,1:05 AM,I,8:26 AM,7:21,441,,,,,,,,,,,,,,,,,,,,,,,,,,,,,,,,,,,,,,,,,,,,,,,,,,,,,,,,,,,,,,,,,,,,,,,,,,,,,,,,,,RTE: T5 SCHD: 7:21,--> O: 01:05 AM > I: 08:26 AM,,,,,,,,,,,,,,,,,,
ElmwoodSunday303,Elmwood,2-22-2026,Sunday,,,,303,2023-10-11 5:11 AM,,2023-10-11 1:44 PM,8:23,8.6,,T5,8253,O,5:24 AM,I,1:42 PM,8:18,498,,,,,,,,,,,,,,,,,,,,,,,,,,,,,,,,,,,,,,,,,,,,,,,,,,,,,,,,,,,,,,,,,,,,,,,,,,,,,,,,,,RTE: T5 SCHD: 8:18,--> O: 05:24 AM > I: 01:42 PM,,,,,,,,,,,,,,,,,,
ElmwoodSunday304,Elmwood,2-22-2026,Sunday,,,,304,2023-10-11 7:59 AM,,2023-10-11 4:05 PM,7:56,8,,T5,8254,O,8:12 AM,I,4:03 PM,7:51,471,,,,,,,,,,,,,,,,,,,,,,,,,,,,,,,,,,,,,,,,,,,,,,,,,,,,,,,,,,,,,,,,,,,,,,,,,,,,,,,,,,RTE: T5 SCHD: 7:51,--> O: 08:12 AM > I: 04:03 PM,,,,,,,,,,,,,,,,,,
ElmwoodSunday305,Elmwood,2-22-2026,Sunday,,,,305,2023-10-11 8:38 AM,,2023-10-11 4:45 PM,7:57,8,,T5,8255,O,8:51 AM,I,4:43 PM,7:52,472,,,,,,,,,,,,,,,,,,,,,,,,,,,,,,,,,,,,,,,,,,,,,,,,,,,,,,,,,,,,,,,,,,,,,,,,,,,,,,,,,,RTE: T5 SCHD: 7:52,--> O: 08:51 AM > I: 04:43 PM,,,,,,,,,,,,,,,,,,
ElmwoodSunday306,Elmwood,2-22-2026,Sunday,,,,306,2023-10-11 8:58 AM,,2023-10-11 5:05 PM,7:57,8,,T5,8256,O,9:11 AM,I,5:03 PM,7:52,472,,,,,,,,,,,,,,,,,,,,,,,,,,,,,,,,,,,,,,,,,,,,,,,,,,,,,,,,,,,,,,,,,,,,,,,,,,,,,,,,,,RTE: T5 SCHD: 7:52,--> O: 09:11 AM > I: 05:03 PM,,,,,,,,,,,,,,,,,,
ElmwoodSunday307,Elmwood,2-22-2026,Sunday,,,,307,2023-10-11 1:39 PM,,2023-10-11 9:43 PM,7:54,8,,T5,8257,O,1:52 PM,I,9:41 PM,7:49,469,,,,,,,,,,,,,,,,,,,,,,,,,,,,,,,,,,,,,,,,,,,,,,,,,,,,,,,,,,,,,,,,,,,,,,,,,,,,,,,,,,RTE: T5 SCHD: 7:49,--> O: 01:52 PM > I: 09:41 PM,,,,,,,,,,,,,,,,,,
ElmwoodSunday308,Elmwood,2-22-2026,Sunday,,,,308,2023-10-11 4:00 PM,,2023-10-12 12:12 AM,8:02,8.1,,T5,8258,O,4:13 PM,I,12:10 AM,7:57,477,,,,,,,,,,,,,,,,,,,,,,,,,,,,,,,,,,,,,,,,,,,,,,,,,,,,,,,,,,,,,,,,,,,,,,,,,,,,,,,,,,RTE: T5 SCHD: 7:57,--> O: 04:13 PM > I: 12:10 AM,,,,,,,,,,,,,,,,,,
ElmwoodSunday308,Elmwood,2-22-2026,Sunday,,,,308,2023-10-11 4:00 PM,,2023-10-12 12:12 AM,8:02,8.1,,T5,8258,O,4:13 PM,I,12:10 AM,7:57,477,,,,,,,,,,,,,,,,,,,,,,,,,,,,,,,,,,,,,,,,,,,,,,,,,,,,,,,,,,,,,,,,,,,,,,,,,,,,,,,,,,RTE: T5 SCHD: 7:57,--> O: 04:13 PM > I: 12:10 AM,,,,,,,,,,,,,,,,,,
ElmwoodSunday309,Elmwood,2-22-2026,Sunday,,,,309,2023-10-11 4:40 PM,,2023-10-12 12:40 AM,7:50,8,,T5,8259,O,4:53 PM,I,12:38 AM,7:45,465,,,,,,,,,,,,,,,,,,,,,,,,,,,,,,,,,,,,,,,,,,,,,,,,,,,,,,,,,,,,,,,,,,,,,,,,,,,,,,,,,,RTE: T5 SCHD: 7:45,--> O: 04:53 PM > I: 12:38 AM,,,,,,,,,,,,,,,,,,
ElmwoodSunday309,Elmwood,2-22-2026,Sunday,,,,309,2023-10-11 4:40 PM,,2023-10-12 12:40 AM,7:50,8,,T5,8259,O,4:53 PM,I,12:38 AM,7:45,465,,,,,,,,,,,,,,,,,,,,,,,,,,,,,,,,,,,,,,,,,,,,,,,,,,,,,,,,,,,,,,,,,,,,,,,,,,,,,,,,,,RTE: T5 SCHD: 7:45,--> O: 04:53 PM > I: 12:38 AM,,,,,,,,,,,,,,,,,,
ElmwoodSunday310,Elmwood,2-22-2026,Sunday,,,,310,2023-10-11 5:00 PM,,2023-10-12 1:04 AM,7:54,8,,T5,8260,O,5:13 PM,I,1:02 AM,7:49,469,,,,,,,,,,,,,,,,,,,,,,,,,,,,,,,,,,,,,,,,,,,,,,,,,,,,,,,,,,,,,,,,,,,,,,,,,,,,,,,,,,RTE: T5 SCHD: 7:49,--> O: 05:13 PM > I: 01:02 AM,,,,,,,,,,,,,,,,,,
ElmwoodSunday310,Elmwood,2-22-2026,Sunday,,,,310,2023-10-11 5:00 PM,,2023-10-12 1:04 AM,7:54,8,,T5,8260,O,5:13 PM,I,1:02 AM,7:49,469,,,,,,,,,,,,,,,,,,,,,,,,,,,,,,,,,,,,,,,,,,,,,,,,,,,,,,,,,,,,,,,,,,,,,,,,,,,,,,,,,,RTE: T5 SCHD: 7:49,--> O: 05:13 PM > I: 01:02 AM,,,,,,,,,,,,,,,,,,
ElmwoodSunday351,Elmwood,2-22-2026,Sunday,,,,351,2023-10-11 4:37 AM,,2023-10-11 1:53 PM,9:06,9.7,,T5 BUS,8291,O,4:50 AM,I,1:51 PM,9:01,541,,,,,,,,,,,,,,,,,,,,,,,,,,,,,,,,,,,,,,,,,,,,,,,,,,,,,,,,,,,,,,,,,,,,,,,,,,,,,,,,,,RTE: T5 BUS SCHD: 9:01,--> O: 04:50 AM > I: 01:51 PM,,,,,,,,,,,,,,,,,,
ElmwoodSunday352,Elmwood,2-22-2026,Sunday,,,,352,2023-10-11 7:48 AM,,2023-10-11 4:54 PM,8:56,9.4,,T5 BUS,8292,O,8:01 AM,I,4:52 PM,8:51,531,,,,,,,,,,,,,,,,,,,,,,,,,,,,,,,,,,,,,,,,,,,,,,,,,,,,,,,,,,,,,,,,,,,,,,,,,,,,,,,,,,RTE: T5 BUS SCHD: 8:51,--> O: 08:01 AM > I: 04:52 PM,,,,,,,,,,,,,,,,,,
ElmwoodSunday353,Elmwood,2-22-2026,Sunday,,,,353,2023-10-11 1:21 PM,,2023-10-11 10:25 PM,8:54,9.4,,T5 BUS,8293,O,1:34 PM,I,10:23 PM,8:49,529,,,,,,,,,,,,,,,,,,,,,,,,,,,,,,,,,,,,,,,,,,,,,,,,,,,,,,,,,,,,,,,,,,,,,,,,,,,,,,,,,,RTE: T5 BUS SCHD: 8:49,--> O: 01:34 PM > I: 10:23 PM,,,,,,,,,,,,,,,,,,
ElmwoodSunday354,Elmwood,2-22-2026,Sunday,,,,354,2023-10-11 4:22 PM,,2023-10-12 12:59 AM,8:27,8.7,,T5 BUS,8294,O,4:35 PM,I,12:57 AM,8:22,502,,,,,,,,,,,,,,,,,,,,,,,,,,,,,,,,,,,,,,,,,,,,,,,,,,,,,,,,,,,,,,,,,,,,,,,,,,,,,,,,,,RTE: T5 BUS SCHD: 8:22,--> O: 04:35 PM > I: 12:57 AM,,,,,,,,,,,,,,,,,,
