myid,depot,eff_date,day,pullout2,swingdur,swingdursec,runno,start,arrive,finish,worktime,pay,leave,r1,b1,potype1,pot1,pitype1,pit1,stime1,stimeint1,start22,r2,b2,potype2,pot2,pitype2,pit2,stime2,stimeint2,start23,r3,b3,potype3,pot3,pitype3,pit3,stime3,stimeint3,start24,r4,b4,potype4,pot4,pitype4,pit4,stime4,stimeint4,start25,r5,b5,potype5,pot5,pitype5,pit5,stime5,stimeint5,start26,r6,b6,potype6,pot6,pitype6,pit6,stime6,stimeint6,start27,r7,b7,potype7,pot7,pitype7,pit7,stime7,stimeint7,start28,r8,b8,potype8,pot8,pitype8,pit8,stime8,stimeint8,start29,r9,b9,potype9,pot9,pitype9,pit9,stime9,stimeint9,start210,r10,b10,potype10,pot10,pitype10,pit10,stime10,stimeint10,sum1, sum12,sum2, sum22,sum3, sum32,sum4, sum42,sum5, sum52,sum6, sum62,sum7, sum72,sum8, sum82,sum9, sum92,sum10, sum102,
ElmwoodWeekday1,Elmwood,2-23-2026,Weekday,,,,1,2023-10-11 04:19 AM,2:25,2023-10-11 2:25 PM,9:56,10.9,,T2,8201,O,04:32 AM,RW,01:50 PM,9:18,558,,,,,,,,,,,,,,,,,,,,,,,,,,,,,,,,,,,,,,,,,,,,,,,,,,,,,,,,,,,,,,,,,,,,,,,,,,,,,,,,,,RTE: T2 SCHD: 9:18,--> O: 04:32 AM > RW: 01:50 PM,,,,,,,,,,,,,,,,,,,
ElmwoodWeekday2,Elmwood,2-23-2026,Weekday,,,,2,2023-10-11 04:42 AM,,2023-10-11 2:03 PM,9:11,9.8,,T2,8202,O,04:55 AM,I,02:00 PM,9:05,545,,,,,,,,,,,,,,,,,,,,,,,,,,,,,,,,,,,,,,,,,,,,,,,,,,,,,,,,,,,,,,,,,,,,,,,,,,,,,,,,,,RTE: T2 SCHD: 9:05,--> O: 04:55 AM > I: 02:00 PM,,,,,,,,,,,,,,,,,,,
ElmwoodWeekday3,Elmwood,2-23-2026,Weekday,,,,3,2023-10-11 05:09 AM,,2023-10-11 1:20 PM,8:01,8.0,,T2,8204,O,05:22 AM,I,01:17 PM,7:55,475,,,,,,,,,,,,,,,,,,,,,,,,,,,,,,,,,,,,,,,,,,,,,,,,,,,,,,,,,,,,,,,,,,,,,,,,,,,,,,,,,,RTE: T2 SCHD: 7:55,--> O: 05:22 AM > I: 01:17 PM,,,,,,,,,,,,,,,,,,,
ElmwoodWeekday4,Elmwood,2-23-2026,Weekday,,,,4,2023-10-11 05:19 AM,2:15,2023-10-11 2:15 PM,8:46,9.2,,T2,8205,O,05:32 AM,RW,01:40 PM,8:08,488,,,,,,,,,,,,,,,,,,,,,,,,,,,,,,,,,,,,,,,,,,,,,,,,,,,,,,,,,,,,,,,,,,,,,,,,,,,,,,,,,,RTE: T2 SCHD: 8:08,--> O: 05:32 AM > RW: 01:40 PM,,,,,,,,,,,,,,,,,,,
ElmwoodWeekday5,Elmwood,2-23-2026,Weekday,,,,5,2023-10-11 05:53 AM,,2023-10-11 2:11 PM,8:08,8.2,,T2,8207,O,06:06 AM,I,02:08 PM,8:02,482,,,,,,,,,,,,,,,,,,,,,,,,,,,,,,,,,,,,,,,,,,,,,,,,,,,,,,,,,,,,,,,,,,,,,,,,,,,,,,,,,,RTE: T2 SCHD: 8:02,--> O: 06:06 AM > I: 02:08 PM,,,,,,,,,,,,,,,,,,,
ElmwoodWeekday6,Elmwood,2-23-2026,Weekday,,,,6,2023-10-11 06:08 AM,3:16,2023-10-11 3:16 PM,8:58,9.5,,T2,8208,O,06:21 AM,RW,02:41 PM,8:20,500,,,,,,,,,,,,,,,,,,,,,,,,,,,,,,,,,,,,,,,,,,,,,,,,,,,,,,,,,,,,,,,,,,,,,,,,,,,,,,,,,,RTE: T2 SCHD: 8:20,--> O: 06:21 AM > RW: 02:41 PM,,,,,,,,,,,,,,,,,,,
ElmwoodWeekday7,Elmwood,2-23-2026,Weekday,01:21 PM,3Hrs 50Min,13800,7,2023-10-11 04:54 AM,4:25,2023-10-11 4:25 PM,7:31,8.4,,T2,8203,O,05:07 AM,I,09:31 AM,4:24,264,1:11,T2,8216,O,01:21 PM,RW,03:50 PM,2:29,149,,,,,,,,,,,,,,,,,,,,,,,,,,,,,,,,,,,,,,,,,,,,,,,,,,,,,,,,,,,,,,,,,,,,,,,,,RTE: T2 SCHD: 4:24,--> O: 05:07 AM > I: 09:31 AM,RTE: T2 SCHD: 2:29,--> O: 01:21 PM > RW: 03:50 PM,,,,,,,,,,,,,,,,,
ElmwoodWeekday8,Elmwood,2-23-2026,Weekday,03:16 PM,4Hrs 53Min,17580,8,2023-10-11 05:41 AM,,2023-10-11 5:47 PM,7:03,8.5,,T2,8206,O,05:54 AM,I,10:23 AM,4:29,269,3:06,T5,8271,O,03:16 PM,I,05:44 PM,2:28,148,,,,,,,,,,,,,,,,,,,,,,,,,,,,,,,,,,,,,,,,,,,,,,,,,,,,,,,,,,,,,,,,,,,,,,,,,RTE: T2 SCHD: 4:29,--> O: 05:54 AM > I: 10:23 AM,RTE: T5 SCHD: 2:28,--> O: 03:16 PM > I: 05:44 PM,,,,,,,,,,,,,,,,,
ElmwoodWeekday9,Elmwood,2-23-2026,Weekday,12:54 PM,3Hrs 3Min,10980,9,2023-10-11 06:15 AM,,2023-10-11 6:05 PM,8:47,10.3,,T2,8209,O,06:28 AM,I,09:51 AM,3:23,203,12:44,T4,8108,RW,12:54 PM,I,06:02 PM,5:08,308,,,,,,,,,,,,,,,,,,,,,,,,,,,,,,,,,,,,,,,,,,,,,,,,,,,,,,,,,,,,,,,,,,,,,,,,,RTE: T2 SCHD: 3:23,--> O: 06:28 AM > I: 09:51 AM,RTE: T4 SCHD: 5:08,--> RW: 12:54 PM > I: 06:02 PM,,,,,,,,,,,,,,,,,
ElmwoodWeekday10,Elmwood,2-23-2026,Weekday,03:29 PM,3Hrs 49Min,13740,10,2023-10-11 06:39 AM,,2023-10-11 6:29 PM,8:26,9.8,,T2,8211,O,06:52 AM,RW,11:40 AM,4:48,288,3:19,T3,8170,O,03:29 PM,I,06:26 PM,2:57,177,,,,,,,,,,,,,,,,,,,,,,,,,,,,,,,,,,,,,,,,,,,,,,,,,,,,,,,,,,,,,,,,,,,,,,,,,RTE: T2 SCHD: 4:48,--> O: 06:52 AM > RW: 11:40 AM,RTE: T3 SCHD: 2:57,--> O: 03:29 PM > I: 06:26 PM,,,,,,,,,,,,,,,,,
ElmwoodWeekday11,Elmwood,2-23-2026,Weekday,12:48 PM,2Hrs 47Min,10020,11,2023-10-11 06:28 AM,,2023-10-11 6:36 PM,9:16,11.4,,T2,8210,O,06:41 AM,I,10:01 AM,3:20,200,12:43,T5,8263,RW,12:48 PM,I,06:33 PM,5:45,345,,,,,,,,,,,,,,,,,,,,,,,,,,,,,,,,,,,,,,,,,,,,,,,,,,,,,,,,,,,,,,,,,,,,,,,,,RTE: T2 SCHD: 3:20,--> O: 06:41 AM > I: 10:01 AM,RTE: T5 SCHD: 5:45,--> RW: 12:48 PM > I: 06:33 PM,,,,,,,,,,,,,,,,,
ElmwoodWeekday12,Elmwood,2-23-2026,Weekday,12:34 PM,3Hrs 13Min,11580,12,2023-10-11 06:57 AM,,2023-10-11 7:21 PM,9:11,11.6,,T2,8212,O,07:10 AM,I,09:21 AM,2:11,131,12:24,T4,8107,RW,12:34 PM,I,07:18 PM,6:44,404,,,,,,,,,,,,,,,,,,,,,,,,,,,,,,,,,,,,,,,,,,,,,,,,,,,,,,,,,,,,,,,,,,,,,,,,,RTE: T2 SCHD: 2:11,--> O: 07:10 AM > I: 09:21 AM,RTE: T4 SCHD: 6:44,--> RW: 12:34 PM > I: 07:18 PM,,,,,,,,,,,,,,,,,
ElmwoodWeekday13,Elmwood,2-23-2026,Weekday,,,,13,2023-10-11 11:02 AM,,2023-10-11 8:02 PM,9:00,9.5,,T2,8211,RW,11:40 AM,I,07:59 PM,8:19,499,,,,,,,,,,,,,,,,,,,,,,,,,,,,,,,,,,,,,,,,,,,,,,,,,,,,,,,,,,,,,,,,,,,,,,,,,,,,,,,,,,RTE: T2 SCHD: 8:19,--> RW: 11:40 AM > I: 07:59 PM,,,,,,,,,,,,,,,,,,,
ElmwoodWeekday14,Elmwood,2-23-2026,Weekday,,,,14,2023-10-11 12:06 PM,,2023-10-11 8:41 PM,8:25,8.6,,T2,8213,O,12:19 PM,I,08:38 PM,8:19,499,,,,,,,,,,,,,,,,,,,,,,,,,,,,,,,,,,,,,,,,,,,,,,,,,,,,,,,,,,,,,,,,,,,,,,,,,,,,,,,,,,RTE: T2 SCHD: 8:19,--> O: 12:19 PM > I: 08:38 PM,,,,,,,,,,,,,,,,,,,
ElmwoodWeekday15,Elmwood,2-23-2026,Weekday,,,,15,2023-10-11 12:49 PM,,2023-10-11 10:27 PM,9:28,10.2,,T2,8214,O,01:02 PM,I,10:24 PM,9:22,562,,,,,,,,,,,,,,,,,,,,,,,,,,,,,,,,,,,,,,,,,,,,,,,,,,,,,,,,,,,,,,,,,,,,,,,,,,,,,,,,,,RTE: T2 SCHD: 9:22,--> O: 01:02 PM > I: 10:24 PM,,,,,,,,,,,,,,,,,,,
ElmwoodWeekday16,Elmwood,2-23-2026,Weekday,,,,16,2023-10-11 02:52 PM,,2023-10-12 12:05 AM,9:03,9.6,,T2,8219,O,03:05 PM,I,12:02 AM,8:57,537,,,,,,,,,,,,,,,,,,,,,,,,,,,,,,,,,,,,,,,,,,,,,,,,,,,,,,,,,,,,,,,,,,,,,,,,,,,,,,,,,,RTE: T2 SCHD: 8:57,--> O: 03:05 PM > I: 12:02 AM,,,,,,,,,,,,,,,,,,,
ElmwoodWeekday16,Elmwood,2-23-2026,Weekday,,,,16,2023-10-11 02:52 PM,,2023-10-12 12:05 AM,9:03,9.6,,T2,8219,O,03:05 PM,I,12:02 AM,8:57,537,,,,,,,,,,,,,,,,,,,,,,,,,,,,,,,,,,,,,,,,,,,,,,,,,,,,,,,,,,,,,,,,,,,,,,,,,,,,,,,,,,RTE: T2 SCHD: 8:57,--> O: 03:05 PM > I: 12:02 AM,,,,,,,,,,,,,,,,,,,
ElmwoodWeekday17,Elmwood,2-23-2026,Weekday,,,,17,2023-10-11 03:12 PM,,2023-10-12 1:50 AM,10:38,12.0,,T2,8216,RW,03:50 PM,I,01:47 AM,9:57,597,,,,,,,,,,,,,,,,,,,,,,,,,,,,,,,,,,,,,,,,,,,,,,,,,,,,,,,,,,,,,,,,,,,,,,,,,,,,,,,,,,RTE: T2 SCHD: 9:57,--> RW: 03:50 PM > I: 01:47 AM,,,,,,,,,,,,,,,,,,,
ElmwoodWeekday17,Elmwood,2-23-2026,Weekday,,,,17,2023-10-11 03:12 PM,,2023-10-12 1:50 AM,10:38,12.0,,T2,8216,RW,03:50 PM,I,01:47 AM,9:57,597,,,,,,,,,,,,,,,,,,,,,,,,,,,,,,,,,,,,,,,,,,,,,,,,,,,,,,,,,,,,,,,,,,,,,,,,,,,,,,,,,,RTE: T2 SCHD: 9:57,--> RW: 03:50 PM > I: 01:47 AM,,,,,,,,,,,,,,,,,,,
ElmwoodWeekday18,Elmwood,2-23-2026,Weekday,,,,18,2023-10-11 03:55 PM,,2023-10-12 2:21 AM,10:26,11.7,,T2,8220,RW,04:33 PM,I,02:18 AM,9:45,585,,,,,,,,,,,,,,,,,,,,,,,,,,,,,,,,,,,,,,,,,,,,,,,,,,,,,,,,,,,,,,,,,,,,,,,,,,,,,,,,,,RTE: T2 SCHD: 9:45,--> RW: 04:33 PM > I: 02:18 AM,,,,,,,,,,,,,,,,,,,
ElmwoodWeekday18,Elmwood,2-23-2026,Weekday,,,,18,2023-10-11 03:55 PM,,2023-10-12 2:21 AM,10:26,11.7,,T2,8220,RW,04:33 PM,I,02:18 AM,9:45,585,,,,,,,,,,,,,,,,,,,,,,,,,,,,,,,,,,,,,,,,,,,,,,,,,,,,,,,,,,,,,,,,,,,,,,,,,,,,,,,,,,RTE: T2 SCHD: 9:45,--> RW: 04:33 PM > I: 02:18 AM,,,,,,,,,,,,,,,,,,,
ElmwoodWeekday501,Elmwood,2-23-2026,Weekday,,,,501,2023-10-11 12:27 AM,,2023-10-11 9:37 AM,9:00,9.5,,T3,8151,O,12:40 AM,I,09:34 AM,8:54,534,,,,,,,,,,,,,,,,,,,,,,,,,,,,,,,,,,,,,,,,,,,,,,,,,,,,,,,,,,,,,,,,,,,,,,,,,,,,,,,,,,RTE: T3 SCHD: 8:54,--> O: 12:40 AM > I: 09:34 AM,,,,,,,,,,,,,,,,,,,
ElmwoodWeekday501,Elmwood,2-23-2026,Weekday,,,,501,2023-10-11 12:27 AM,,2023-10-11 9:37 AM,9:00,9.5,,T3,8151,O,12:40 AM,I,09:34 AM,8:54,534,,,,,,,,,,,,,,,,,,,,,,,,,,,,,,,,,,,,,,,,,,,,,,,,,,,,,,,,,,,,,,,,,,,,,,,,,,,,,,,,,,RTE: T3 SCHD: 8:54,--> O: 12:40 AM > I: 09:34 AM,,,,,,,,,,,,,,,,,,,
ElmwoodWeekday502,Elmwood,2-23-2026,Weekday,,,,502,2023-10-11 01:03 AM,,2023-10-11 10:26 AM,9:13,9.8,,T3,8152,O,01:16 AM,I,10:23 AM,9:07,547,,,,,,,,,,,,,,,,,,,,,,,,,,,,,,,,,,,,,,,,,,,,,,,,,,,,,,,,,,,,,,,,,,,,,,,,,,,,,,,,,,RTE: T3 SCHD: 9:07,--> O: 01:16 AM > I: 10:23 AM,,,,,,,,,,,,,,,,,,,
ElmwoodWeekday502,Elmwood,2-23-2026,Weekday,,,,502,2023-10-11 01:03 AM,,2023-10-11 10:26 AM,9:13,9.8,,T3,8152,O,01:16 AM,I,10:23 AM,9:07,547,,,,,,,,,,,,,,,,,,,,,,,,,,,,,,,,,,,,,,,,,,,,,,,,,,,,,,,,,,,,,,,,,,,,,,,,,,,,,,,,,,RTE: T3 SCHD: 9:07,--> O: 01:16 AM > I: 10:23 AM,,,,,,,,,,,,,,,,,,,
ElmwoodWeekday503,Elmwood,2-23-2026,Weekday,,,,503,2023-10-11 04:22 AM,12:39,2023-10-11 12:39 PM,8:07,8.2,,T3,8153,O,04:35 AM,RW,12:04 PM,7:29,449,,,,,,,,,,,,,,,,,,,,,,,,,,,,,,,,,,,,,,,,,,,,,,,,,,,,,,,,,,,,,,,,,,,,,,,,,,,,,,,,,,RTE: T3 SCHD: 7:29,--> O: 04:35 AM > RW: 12:04 PM,,,,,,,,,,,,,,,,,,,
ElmwoodWeekday504,Elmwood,2-23-2026,Weekday,,,,504,2023-10-11 05:00 AM,1:29,2023-10-11 1:29 PM,8:19,8.5,,T3,8154,O,05:13 AM,RW,12:54 PM,7:41,461,,,,,,,,,,,,,,,,,,,,,,,,,,,,,,,,,,,,,,,,,,,,,,,,,,,,,,,,,,,,,,,,,,,,,,,,,,,,,,,,,,RTE: T3 SCHD: 7:41,--> O: 05:13 AM > RW: 12:54 PM,,,,,,,,,,,,,,,,,,,
ElmwoodWeekday505,Elmwood,2-23-2026,Weekday,,,,505,2023-10-11 06:09 AM,2:39,2023-10-11 2:39 PM,8:20,8.5,,T3,8158,O,06:22 AM,RW,02:04 PM,7:42,462,,,,,,,,,,,,,,,,,,,,,,,,,,,,,,,,,,,,,,,,,,,,,,,,,,,,,,,,,,,,,,,,,,,,,,,,,,,,,,,,,,RTE: T3 SCHD: 7:42,--> O: 06:22 AM > RW: 02:04 PM,,,,,,,,,,,,,,,,,,,
ElmwoodWeekday506,Elmwood,2-23-2026,Weekday,01:40 PM,1Hrs 6Min,3960,506,2023-10-11 06:02 AM,3:36,2023-10-11 3:36 PM,8:18,8.7,,T3,8157,O,06:15 AM,RW,12:34 PM,6:19,379,,T2,8205,RW,01:40 PM,RW,03:01 PM,1:21,81,,,,,,,,,,,,,,,,,,,,,,,,,,,,,,,,,,,,,,,,,,,,,,,,,,,,,,,,,,,,,,,,,,,,,,,,,RTE: T3 SCHD: 6:19,--> O: 06:15 AM > RW: 12:34 PM,RTE: T2 SCHD: 1:21,--> RW: 01:40 PM > RW: 03:01 PM,,,,,,,,,,,,,,,,,
ElmwoodWeekday507,Elmwood,2-23-2026,Weekday,11:08 AM,1Hrs 19Min,4740,507,2023-10-11 05:27 AM,3:44,2023-10-11 3:44 PM,8:53,9.6,,T3,8155,O,05:40 AM,I,09:49 AM,4:09,249,11:03,T5,8262,RW,11:08 AM,RW,03:39 PM,4:31,271,,,,,,,,,,,,,,,,,,,,,,,,,,,,,,,,,,,,,,,,,,,,,,,,,,,,,,,,,,,,,,,,,,,,,,,,,RTE: T3 SCHD: 4:09,--> O: 05:40 AM > I: 09:49 AM,RTE: T5 SCHD: 4:31,--> RW: 11:08 AM > RW: 03:39 PM,,,,,,,,,,,,,,,,,
ElmwoodWeekday508,Elmwood,2-23-2026,Weekday,02:27 PM,4Hrs 16Min,15360,508,2023-10-11 05:47 AM,,2023-10-11 5:45 PM,7:32,8.8,,T3,8156,O,06:00 AM,I,10:11 AM,4:11,251,2:17,T4,8111,O,02:27 PM,I,05:42 PM,3:15,195,,,,,,,,,,,,,,,,,,,,,,,,,,,,,,,,,,,,,,,,,,,,,,,,,,,,,,,,,,,,,,,,,,,,,,,,,RTE: T3 SCHD: 4:11,--> O: 06:00 AM > I: 10:11 AM,RTE: T4 SCHD: 3:15,--> O: 02:27 PM > I: 05:42 PM,,,,,,,,,,,,,,,,,
ElmwoodWeekday509,Elmwood,2-23-2026,Weekday,02:16 PM,3Hrs 29Min,12540,509,2023-10-11 06:21 AM,,2023-10-11 6:07 PM,8:07,9.3,,T3,8159,O,06:34 AM,I,10:47 AM,4:13,253,2:06,T5,8266,O,02:16 PM,I,06:04 PM,3:48,228,,,,,,,,,,,,,,,,,,,,,,,,,,,,,,,,,,,,,,,,,,,,,,,,,,,,,,,,,,,,,,,,,,,,,,,,,RTE: T3 SCHD: 4:13,--> O: 06:34 AM > I: 10:47 AM,RTE: T5 SCHD: 3:48,--> O: 02:16 PM > I: 06:04 PM,,,,,,,,,,,,,,,,,
ElmwoodWeekday510,Elmwood,2-23-2026,Weekday,03:17 PM,4Hrs 11Min,15060,510,2023-10-11 06:39 AM,,2023-10-11 6:20 PM,7:20,8.4,,T3,8161,O,06:52 AM,I,11:06 AM,4:14,254,3:07,T3,8169,O,03:17 PM,I,06:17 PM,3:00,180,,,,,,,,,,,,,,,,,,,,,,,,,,,,,,,,,,,,,,,,,,,,,,,,,,,,,,,,,,,,,,,,,,,,,,,,,RTE: T3 SCHD: 4:14,--> O: 06:52 AM > I: 11:06 AM,RTE: T3 SCHD: 3:00,--> O: 03:17 PM > I: 06:17 PM,,,,,,,,,,,,,,,,,
ElmwoodWeekday511,Elmwood,2-23-2026,Weekday,03:42 PM,3Hrs 58Min,14280,511,2023-10-11 06:33 AM,,2023-10-11 6:39 PM,8:33,10.3,,T3,8160,O,06:46 AM,RW,11:44 AM,4:58,298,3:32,T3,8171,O,03:42 PM,I,06:36 PM,2:54,174,,,,,,,,,,,,,,,,,,,,,,,,,,,,,,,,,,,,,,,,,,,,,,,,,,,,,,,,,,,,,,,,,,,,,,,,,RTE: T3 SCHD: 4:58,--> O: 06:46 AM > RW: 11:44 AM,RTE: T3 SCHD: 2:54,--> O: 03:42 PM > I: 06:36 PM,,,,,,,,,,,,,,,,,
ElmwoodWeekday512,Elmwood,2-23-2026,Weekday,02:04 PM,1Hrs 50Min,6600,512,2023-10-11 07:02 AM,,2023-10-11 6:56 PM,9:54,12.1,,T3,8163,O,07:15 AM,RW,12:14 PM,4:59,299,,T3,8158,RW,02:04 PM,I,06:53 PM,4:49,289,,,,,,,,,,,,,,,,,,,,,,,,,,,,,,,,,,,,,,,,,,,,,,,,,,,,,,,,,,,,,,,,,,,,,,,,,RTE: T3 SCHD: 4:59,--> O: 07:15 AM > RW: 12:14 PM,RTE: T3 SCHD: 4:49,--> RW: 02:04 PM > I: 06:53 PM,,,,,,,,,,,,,,,,,
ElmwoodWeekday513,Elmwood,2-23-2026,Weekday,12:54 PM,3Hrs 0Min,10800,513,2023-10-11 06:51 AM,,2023-10-11 7:03 PM,9:37,12.0,,T3,8162,O,07:04 AM,I,09:54 AM,2:50,170,12:19,T3,8154,RW,12:54 PM,I,07:00 PM,6:06,366,,,,,,,,,,,,,,,,,,,,,,,,,,,,,,,,,,,,,,,,,,,,,,,,,,,,,,,,,,,,,,,,,,,,,,,,,RTE: T3 SCHD: 2:50,--> O: 07:04 AM > I: 09:54 AM,RTE: T3 SCHD: 6:06,--> RW: 12:54 PM > I: 07:00 PM,,,,,,,,,,,,,,,,,
ElmwoodWeekday514,Elmwood,2-23-2026,Weekday,03:01 PM,3Hrs 56Min,14160,514,2023-10-11 07:13 AM,,2023-10-11 7:38 PM,8:19,10.3,,T3,8164,O,07:26 AM,RW,11:05 AM,3:39,219,,T2,8205,RW,03:01 PM,I,07:35 PM,4:34,274,,,,,,,,,,,,,,,,,,,,,,,,,,,,,,,,,,,,,,,,,,,,,,,,,,,,,,,,,,,,,,,,,,,,,,,,,RTE: T3 SCHD: 3:39,--> O: 07:26 AM > RW: 11:05 AM,RTE: T2 SCHD: 4:34,--> RW: 03:01 PM > I: 07:35 PM,,,,,,,,,,,,,,,,,
ElmwoodWeekday515,Elmwood,2-23-2026,Weekday,,,,515,2023-10-11 11:26 AM,,2023-10-11 7:42 PM,8:16,8.4,,T3,8153,RW,12:04 PM,I,07:39 PM,7:35,455,,,,,,,,,,,,,,,,,,,,,,,,,,,,,,,,,,,,,,,,,,,,,,,,,,,,,,,,,,,,,,,,,,,,,,,,,,,,,,,,,,RTE: T3 SCHD: 7:35,--> RW: 12:04 PM > I: 07:39 PM,,,,,,,,,,,,,,,,,,,
ElmwoodWeekday516,Elmwood,2-23-2026,Weekday,,,,516,2023-10-11 10:27 AM,,2023-10-11 8:01 PM,9:34,10.4,,T3,8164,RW,11:05 AM,I,07:58 PM,8:53,533,,,,,,,,,,,,,,,,,,,,,,,,,,,,,,,,,,,,,,,,,,,,,,,,,,,,,,,,,,,,,,,,,,,,,,,,,,,,,,,,,,RTE: T3 SCHD: 8:53,--> RW: 11:05 AM > I: 07:58 PM,,,,,,,,,,,,,,,,,,,
ElmwoodWeekday517,Elmwood,2-23-2026,Weekday,04:51 PM,0Hrs 50Min,3000,517,2023-10-11 09:26 AM,,2023-10-11 8:14 PM,9:48,11.0,,T3,8165,O,09:39 AM,RW,04:01 PM,6:22,382,,T2,8215,RW,04:51 PM,I,08:11 PM,3:20,200,,,,,,,,,,,,,,,,,,,,,,,,,,,,,,,,,,,,,,,,,,,,,,,,,,,,,,,,,,,,,,,,,,,,,,,,,RTE: T3 SCHD: 6:22,--> O: 09:39 AM > RW: 04:01 PM,RTE: T2 SCHD: 3:20,--> RW: 04:51 PM > I: 08:11 PM,,,,,,,,,,,,,,,,,
ElmwoodWeekday518,Elmwood,2-23-2026,Weekday,,,,518,2023-10-11 11:06 AM,,2023-10-11 8:45 PM,9:39,10.5,,T3,8160,RW,11:44 AM,I,08:42 PM,8:58,538,,,,,,,,,,,,,,,,,,,,,,,,,,,,,,,,,,,,,,,,,,,,,,,,,,,,,,,,,,,,,,,,,,,,,,,,,,,,,,,,,,RTE: T3 SCHD: 8:58,--> RW: 11:44 AM > I: 08:42 PM,,,,,,,,,,,,,,,,,,,
ElmwoodWeekday519,Elmwood,2-23-2026,Weekday,,,,519,2023-10-11 11:36 AM,,2023-10-11 9:11 PM,9:35,10.4,,T3,8163,RW,12:14 PM,I,09:08 PM,8:54,534,,,,,,,,,,,,,,,,,,,,,,,,,,,,,,,,,,,,,,,,,,,,,,,,,,,,,,,,,,,,,,,,,,,,,,,,,,,,,,,,,,RTE: T3 SCHD: 8:54,--> RW: 12:14 PM > I: 09:08 PM,,,,,,,,,,,,,,,,,,,
ElmwoodWeekday520,Elmwood,2-23-2026,Weekday,,,,520,2023-10-11 11:56 AM,,2023-10-11 9:39 PM,9:43,10.6,,T3,8157,RW,12:34 PM,I,09:36 PM,9:02,542,,,,,,,,,,,,,,,,,,,,,,,,,,,,,,,,,,,,,,,,,,,,,,,,,,,,,,,,,,,,,,,,,,,,,,,,,,,,,,,,,,RTE: T3 SCHD: 9:02,--> RW: 12:34 PM > I: 09:36 PM,,,,,,,,,,,,,,,,,,,
ElmwoodWeekday521,Elmwood,2-23-2026,Weekday,,,,521,2023-10-11 02:04 PM,,2023-10-12 12:01 AM,9:47,10.7,,T3,8166,O,02:17 PM,I,11:58 PM,9:41,581,,,,,,,,,,,,,,,,,,,,,,,,,,,,,,,,,,,,,,,,,,,,,,,,,,,,,,,,,,,,,,,,,,,,,,,,,,,,,,,,,,RTE: T3 SCHD: 9:41,--> O: 02:17 PM > I: 11:58 PM,,,,,,,,,,,,,,,,,,,
ElmwoodWeekday521,Elmwood,2-23-2026,Weekday,,,,521,2023-10-11 02:04 PM,,2023-10-12 12:01 AM,9:47,10.7,,T3,8166,O,02:17 PM,I,11:58 PM,9:41,581,,,,,,,,,,,,,,,,,,,,,,,,,,,,,,,,,,,,,,,,,,,,,,,,,,,,,,,,,,,,,,,,,,,,,,,,,,,,,,,,,,RTE: T3 SCHD: 9:41,--> O: 02:17 PM > I: 11:58 PM,,,,,,,,,,,,,,,,,,,
ElmwoodWeekday522,Elmwood,2-23-2026,Weekday,,,,522,2023-10-11 03:23 PM,,2023-10-12 12:59 AM,9:36,10.4,,T3,8165,RW,04:01 PM,I,12:56 AM,8:55,535,,,,,,,,,,,,,,,,,,,,,,,,,,,,,,,,,,,,,,,,,,,,,,,,,,,,,,,,,,,,,,,,,,,,,,,,,,,,,,,,,,RTE: T3 SCHD: 8:55,--> RW: 04:01 PM > I: 12:56 AM,,,,,,,,,,,,,,,,,,,
ElmwoodWeekday522,Elmwood,2-23-2026,Weekday,,,,522,2023-10-11 03:23 PM,,2023-10-12 12:59 AM,9:36,10.4,,T3,8165,RW,04:01 PM,I,12:56 AM,8:55,535,,,,,,,,,,,,,,,,,,,,,,,,,,,,,,,,,,,,,,,,,,,,,,,,,,,,,,,,,,,,,,,,,,,,,,,,,,,,,,,,,,RTE: T3 SCHD: 8:55,--> RW: 04:01 PM > I: 12:56 AM,,,,,,,,,,,,,,,,,,,
ElmwoodWeekday523,Elmwood,2-23-2026,Weekday,,,,523,2023-10-11 02:40 PM,,2023-10-12 1:29 AM,10:39,12.0,,T3,8168,O,02:53 PM,I,01:26 AM,10:33,633,,,,,,,,,,,,,,,,,,,,,,,,,,,,,,,,,,,,,,,,,,,,,,,,,,,,,,,,,,,,,,,,,,,,,,,,,,,,,,,,,,RTE: T3 SCHD: 10:33,--> O: 02:53 PM > I: 01:26 AM,,,,,,,,,,,,,,,,,,,
ElmwoodWeekday523,Elmwood,2-23-2026,Weekday,,,,523,2023-10-11 02:40 PM,,2023-10-12 1:29 AM,10:39,12.0,,T3,8168,O,02:53 PM,I,01:26 AM,10:33,633,,,,,,,,,,,,,,,,,,,,,,,,,,,,,,,,,,,,,,,,,,,,,,,,,,,,,,,,,,,,,,,,,,,,,,,,,,,,,,,,,,RTE: T3 SCHD: 10:33,--> O: 02:53 PM > I: 01:26 AM,,,,,,,,,,,,,,,,,,,
ElmwoodWeekday701,Elmwood,2-23-2026,Weekday,,,,701,2023-10-11 04:15 AM,,2023-10-11 1:29 PM,9:04,9.6,,T4,8101,O,04:28 AM,I,01:26 PM,8:58,538,,,,,,,,,,,,,,,,,,,,,,,,,,,,,,,,,,,,,,,,,,,,,,,,,,,,,,,,,,,,,,,,,,,,,,,,,,,,,,,,,,RTE: T4 SCHD: 8:58,--> O: 04:28 AM > I: 01:26 PM,,,,,,,,,,,,,,,,,,,
ElmwoodWeekday701,Elmwood,2-23-2026,Weekday,,,,701,2023-10-11 04:15 AM,,2023-10-11 1:29 PM,9:04,9.6,,T4,8101,O,04:28 AM,I,01:26 PM,8:58,538,,,,,,,,,,,,,,,,,,,,,,,,,,,,,,,,,,,,,,,,,,,,,,,,,,,,,,,,,,,,,,,,,,,,,,,,,,,,,,,,,,RTE: T4 SCHD: 8:58,--> O: 04:28 AM > I: 01:26 PM,,,,,,,,,,,,,,,,,,,
ElmwoodWeekday702,Elmwood,2-23-2026,Weekday,,,,702,2023-10-11 04:39 AM,,2023-10-11 3:00 PM,10:11,11.3,,T4,8102,O,04:52 AM,I,02:57 PM,10:05,605,,,,,,,,,,,,,,,,,,,,,,,,,,,,,,,,,,,,,,,,,,,,,,,,,,,,,,,,,,,,,,,,,,,,,,,,,,,,,,,,,,RTE: T4 SCHD: 10:05,--> O: 04:52 AM > I: 02:57 PM,,,,,,,,,,,,,,,,,,,
ElmwoodWeekday703,Elmwood,2-23-2026,Weekday,,,,703,2023-10-11 05:10 AM,12:34,2023-10-11 12:34 PM,7:14,8.0,,T4,8104,O,05:23 AM,RW,12:24 PM,7:01,421,,,,,,,,,,,,,,,,,,,,,,,,,,,,,,,,,,,,,,,,,,,,,,,,,,,,,,,,,,,,,,,,,,,,,,,,,,,,,,,,,,RTE: T4 SCHD: 7:01,--> O: 05:23 AM > RW: 12:24 PM,,,,,,,,,,,,,,,,,,,
ElmwoodWeekday704,Elmwood,2-23-2026,Weekday,,,,704,2023-10-11 05:25 AM,,2023-10-11 2:39 PM,9:04,9.6,,T4,8105,O,05:38 AM,I,02:36 PM,8:58,538,,,,,,,,,,,,,,,,,,,,,,,,,,,,,,,,,,,,,,,,,,,,,,,,,,,,,,,,,,,,,,,,,,,,,,,,,,,,,,,,,,RTE: T4 SCHD: 8:58,--> O: 05:38 AM > I: 02:36 PM,,,,,,,,,,,,,,,,,,,
ElmwoodWeekday705,Elmwood,2-23-2026,Weekday,,,,705,2023-10-11 06:21 AM,,2023-10-11 5:16 PM,10:45,12.1,,T4,8106,O,06:34 AM,I,05:13 PM,10:39,639,,,,,,,,,,,,,,,,,,,,,,,,,,,,,,,,,,,,,,,,,,,,,,,,,,,,,,,,,,,,,,,,,,,,,,,,,,,,,,,,,,RTE: T4 SCHD: 10:39,--> O: 06:34 AM > I: 05:13 PM,,,,,,,,,,,,,,,,,,,
ElmwoodWeekday706,Elmwood,2-23-2026,Weekday,03:22 PM,3Hrs 18Min,11880,706,2023-10-11 04:55 AM,5:08,2023-10-11 5:08 PM,8:55,10.9,,T4,8103,O,05:08 AM,RW,12:04 PM,6:56,416,3:12,T2,8220,O,03:22 PM,RW,04:33 PM,1:11,71,,,,,,,,,,,,,,,,,,,,,,,,,,,,,,,,,,,,,,,,,,,,,,,,,,,,,,,,,,,,,,,,,,,,,,,,,RTE: T4 SCHD: 6:56,--> O: 05:08 AM > RW: 12:04 PM,RTE: T2 SCHD: 1:11,--> O: 03:22 PM > RW: 04:33 PM,,,,,,,,,,,,,,,,,
ElmwoodWeekday707,Elmwood,2-23-2026,Weekday,03:45 PM,3Hrs 11Min,11460,707,2023-10-11 06:38 AM,,2023-10-11 6:17 PM,8:28,9.7,,T4,8107,O,06:51 AM,RW,12:34 PM,5:43,343,3:35,T5,8274,O,03:45 PM,I,06:14 PM,2:29,149,,,,,,,,,,,,,,,,,,,,,,,,,,,,,,,,,,,,,,,,,,,,,,,,,,,,,,,,,,,,,,,,,,,,,,,,,RTE: T4 SCHD: 5:43,--> O: 06:51 AM > RW: 12:34 PM,RTE: T5 SCHD: 2:29,--> O: 03:45 PM > I: 06:14 PM,,,,,,,,,,,,,,,,,
ElmwoodWeekday708,Elmwood,2-23-2026,Weekday,03:01 PM,2Hrs 7Min,7620,708,2023-10-11 06:57 AM,,2023-10-11 7:00 PM,9:56,12.3,,T4,8108,O,07:10 AM,RW,12:54 PM,5:44,344,2:51,T5,8269,O,03:01 PM,I,06:57 PM,3:56,236,,,,,,,,,,,,,,,,,,,,,,,,,,,,,,,,,,,,,,,,,,,,,,,,,,,,,,,,,,,,,,,,,,,,,,,,,RTE: T4 SCHD: 5:44,--> O: 07:10 AM > RW: 12:54 PM,RTE: T5 SCHD: 3:56,--> O: 03:01 PM > I: 06:57 PM,,,,,,,,,,,,,,,,,
ElmwoodWeekday709,Elmwood,2-23-2026,Weekday,02:51 PM,2Hrs 57Min,10620,709,2023-10-11 07:27 AM,,2023-10-11 7:25 PM,9:01,10.8,,T4,8109,O,07:40 AM,RW,11:54 AM,4:14,254,2:41,T2,8218,O,02:51 PM,I,07:22 PM,4:31,271,,,,,,,,,,,,,,,,,,,,,,,,,,,,,,,,,,,,,,,,,,,,,,,,,,,,,,,,,,,,,,,,,,,,,,,,,RTE: T4 SCHD: 4:14,--> O: 07:40 AM > RW: 11:54 AM,RTE: T2 SCHD: 4:31,--> O: 02:51 PM > I: 07:22 PM,,,,,,,,,,,,,,,,,
ElmwoodWeekday710,Elmwood,2-23-2026,Weekday,,,,710,2023-10-11 12:11 PM,,2023-10-11 8:47 PM,8:36,8.9,,T4,8104,RW,12:24 PM,I,08:44 PM,8:20,500,,,,,,,,,,,,,,,,,,,,,,,,,,,,,,,,,,,,,,,,,,,,,,,,,,,,,,,,,,,,,,,,,,,,,,,,,,,,,,,,,,RTE: T4 SCHD: 8:20,--> RW: 12:24 PM > I: 08:44 PM,,,,,,,,,,,,,,,,,,,
ElmwoodWeekday711,Elmwood,2-23-2026,Weekday,,,,711,2023-10-11 01:15 PM,,2023-10-11 9:28 PM,8:03,8.1,,T4,8110,O,01:28 PM,I,09:25 PM,7:57,477,,,,,,,,,,,,,,,,,,,,,,,,,,,,,,,,,,,,,,,,,,,,,,,,,,,,,,,,,,,,,,,,,,,,,,,,,,,,,,,,,,RTE: T4 SCHD: 7:57,--> O: 01:28 PM > I: 09:25 PM,,,,,,,,,,,,,,,,,,,
ElmwoodWeekday712,Elmwood,2-23-2026,Weekday,,,,712,2023-10-11 02:22 PM,,2023-10-11 10:23 PM,7:51,8.0,,T4,8112,O,02:35 PM,I,10:20 PM,7:45,465,,,,,,,,,,,,,,,,,,,,,,,,,,,,,,,,,,,,,,,,,,,,,,,,,,,,,,,,,,,,,,,,,,,,,,,,,,,,,,,,,,RTE: T4 SCHD: 7:45,--> O: 02:35 PM > I: 10:20 PM,,,,,,,,,,,,,,,,,,,
ElmwoodWeekday713,Elmwood,2-23-2026,Weekday,,,,713,2023-10-11 02:38 PM,,2023-10-12 1:19 AM,10:31,11.8,,T4,8113,O,02:51 PM,I,01:16 AM,10:25,625,,,,,,,,,,,,,,,,,,,,,,,,,,,,,,,,,,,,,,,,,,,,,,,,,,,,,,,,,,,,,,,,,,,,,,,,,,,,,,,,,,RTE: T4 SCHD: 10:25,--> O: 02:51 PM > I: 01:16 AM,,,,,,,,,,,,,,,,,,,
ElmwoodWeekday713,Elmwood,2-23-2026,Weekday,,,,713,2023-10-11 02:38 PM,,2023-10-12 1:19 AM,10:31,11.8,,T4,8113,O,02:51 PM,I,01:16 AM,10:25,625,,,,,,,,,,,,,,,,,,,,,,,,,,,,,,,,,,,,,,,,,,,,,,,,,,,,,,,,,,,,,,,,,,,,,,,,,,,,,,,,,,RTE: T4 SCHD: 10:25,--> O: 02:51 PM > I: 01:16 AM,,,,,,,,,,,,,,,,,,,
ElmwoodWeekday714,Elmwood,2-23-2026,Weekday,,,,714,2023-10-11 03:02 PM,,2023-10-12 1:48 AM,10:36,11.9,,T4,8114,O,03:15 PM,I,01:45 AM,10:30,630,,,,,,,,,,,,,,,,,,,,,,,,,,,,,,,,,,,,,,,,,,,,,,,,,,,,,,,,,,,,,,,,,,,,,,,,,,,,,,,,,,RTE: T4 SCHD: 10:30,--> O: 03:15 PM > I: 01:45 AM,,,,,,,,,,,,,,,,,,,
ElmwoodWeekday714,Elmwood,2-23-2026,Weekday,,,,714,2023-10-11 03:02 PM,,2023-10-12 1:48 AM,10:36,11.9,,T4,8114,O,03:15 PM,I,01:45 AM,10:30,630,,,,,,,,,,,,,,,,,,,,,,,,,,,,,,,,,,,,,,,,,,,,,,,,,,,,,,,,,,,,,,,,,,,,,,,,,,,,,,,,,,RTE: T4 SCHD: 10:30,--> O: 03:15 PM > I: 01:45 AM,,,,,,,,,,,,,,,,,,,
ElmwoodWeekday715,Elmwood,2-23-2026,Weekday,,,,715,2023-10-11 04:59 PM,,2023-10-12 2:18 AM,9:09,9.7,,T4,8115,O,05:12 PM,I,02:15 AM,9:03,543,,,,,,,,,,,,,,,,,,,,,,,,,,,,,,,,,,,,,,,,,,,,,,,,,,,,,,,,,,,,,,,,,,,,,,,,,,,,,,,,,,RTE: T4 SCHD: 9:03,--> O: 05:12 PM > I: 02:15 AM,,,,,,,,,,,,,,,,,,,
ElmwoodWeekday715,Elmwood,2-23-2026,Weekday,,,,715,2023-10-11 04:59 PM,,2023-10-12 2:18 AM,9:09,9.7,,T4,8115,O,05:12 PM,I,02:15 AM,9:03,543,,,,,,,,,,,,,,,,,,,,,,,,,,,,,,,,,,,,,,,,,,,,,,,,,,,,,,,,,,,,,,,,,,,,,,,,,,,,,,,,,,RTE: T4 SCHD: 9:03,--> O: 05:12 PM > I: 02:15 AM,,,,,,,,,,,,,,,,,,,
ElmwoodWeekday301,Elmwood,2-23-2026,Weekday,,,,301,2023-10-11 12:20 AM,,2023-10-11 10:07 AM,9:37,10.4,,T5,8251,O,12:33 AM,I,10:04 AM,9:31,571,,,,,,,,,,,,,,,,,,,,,,,,,,,,,,,,,,,,,,,,,,,,,,,,,,,,,,,,,,,,,,,,,,,,,,,,,,,,,,,,,,RTE: T5 SCHD: 9:31,--> O: 12:33 AM > I: 10:04 AM,,,,,,,,,,,,,,,,,,,
ElmwoodWeekday301,Elmwood,2-23-2026,Weekday,,,,301,2023-10-11 12:20 AM,,2023-10-11 10:07 AM,9:37,10.4,,T5,8251,O,12:33 AM,I,10:04 AM,9:31,571,,,,,,,,,,,,,,,,,,,,,,,,,,,,,,,,,,,,,,,,,,,,,,,,,,,,,,,,,,,,,,,,,,,,,,,,,,,,,,,,,,RTE: T5 SCHD: 9:31,--> O: 12:33 AM > I: 10:04 AM,,,,,,,,,,,,,,,,,,,
ElmwoodWeekday302,Elmwood,2-23-2026,Weekday,,,,302,2023-10-11 12:52 AM,,2023-10-11 9:22 AM,8:20,8.5,,T5,8252,O,01:05 AM,I,09:19 AM,8:14,494,,,,,,,,,,,,,,,,,,,,,,,,,,,,,,,,,,,,,,,,,,,,,,,,,,,,,,,,,,,,,,,,,,,,,,,,,,,,,,,,,,RTE: T5 SCHD: 8:14,--> O: 01:05 AM > I: 09:19 AM,,,,,,,,,,,,,,,,,,,
ElmwoodWeekday302,Elmwood,2-23-2026,Weekday,,,,302,2023-10-11 12:52 AM,,2023-10-11 9:22 AM,8:20,8.5,,T5,8252,O,01:05 AM,I,09:19 AM,8:14,494,,,,,,,,,,,,,,,,,,,,,,,,,,,,,,,,,,,,,,,,,,,,,,,,,,,,,,,,,,,,,,,,,,,,,,,,,,,,,,,,,,RTE: T5 SCHD: 8:14,--> O: 01:05 AM > I: 09:19 AM,,,,,,,,,,,,,,,,,,,
ElmwoodWeekday303,Elmwood,2-23-2026,Weekday,,,,303,2023-10-11 04:17 AM,,2023-10-11 2:01 PM,9:34,10.4,,T5,8253,O,04:30 AM,I,01:58 PM,9:28,568,,,,,,,,,,,,,,,,,,,,,,,,,,,,,,,,,,,,,,,,,,,,,,,,,,,,,,,,,,,,,,,,,,,,,,,,,,,,,,,,,,RTE: T5 SCHD: 9:28,--> O: 04:30 AM > I: 01:58 PM,,,,,,,,,,,,,,,,,,,
ElmwoodWeekday303,Elmwood,2-23-2026,Weekday,,,,303,2023-10-11 04:17 AM,,2023-10-11 2:01 PM,9:34,10.4,,T5,8253,O,04:30 AM,I,01:58 PM,9:28,568,,,,,,,,,,,,,,,,,,,,,,,,,,,,,,,,,,,,,,,,,,,,,,,,,,,,,,,,,,,,,,,,,,,,,,,,,,,,,,,,,,RTE: T5 SCHD: 9:28,--> O: 04:30 AM > I: 01:58 PM,,,,,,,,,,,,,,,,,,,
ElmwoodWeekday304,Elmwood,2-23-2026,Weekday,,,,304,2023-10-11 06:10 AM,,2023-10-11 2:54 PM,8:34,8.9,,T5,8257,O,06:23 AM,I,02:51 PM,8:28,508,,,,,,,,,,,,,,,,,,,,,,,,,,,,,,,,,,,,,,,,,,,,,,,,,,,,,,,,,,,,,,,,,,,,,,,,,,,,,,,,,,RTE: T5 SCHD: 8:28,--> O: 06:23 AM > I: 02:51 PM,,,,,,,,,,,,,,,,,,,
ElmwoodWeekday305,Elmwood,2-23-2026,Weekday,,,,305,2023-10-11 06:35 AM,3:16,2023-10-11 3:16 PM,8:31,8.8,,T5,8259,O,06:48 AM,RW,03:11 PM,8:23,503,,,,,,,,,,,,,,,,,,,,,,,,,,,,,,,,,,,,,,,,,,,,,,,,,,,,,,,,,,,,,,,,,,,,,,,,,,,,,,,,,,RTE: T5 SCHD: 8:23,--> O: 06:48 AM > RW: 03:11 PM,,,,,,,,,,,,,,,,,,,
ElmwoodWeekday306,Elmwood,2-23-2026,Weekday,12:04 PM,2Hrs 10Min,7800,306,2023-10-11 05:50 AM,,2023-10-11 5:08 PM,9:08,10.3,,T5,8256,O,06:03 AM,I,09:54 AM,3:51,231,11:54,T4,8103,RW,12:04 PM,I,05:05 PM,5:01,301,,,,,,,,,,,,,,,,,,,,,,,,,,,,,,,,,,,,,,,,,,,,,,,,,,,,,,,,,,,,,,,,,,,,,,,,,RTE: T5 SCHD: 3:51,--> O: 06:03 AM > I: 09:54 AM,RTE: T4 SCHD: 5:01,--> RW: 12:04 PM > I: 05:05 PM,,,,,,,,,,,,,,,,,
ElmwoodWeekday307,Elmwood,2-23-2026,Weekday,01:08 PM,3Hrs 24Min,12240,307,2023-10-11 05:38 AM,5:26,2023-10-11 5:26 PM,8:14,9.5,,T5,8255,O,05:51 AM,I,09:44 AM,3:53,233,12:58,T2,8215,O,01:08 PM,RW,04:51 PM,3:43,223,,,,,,,,,,,,,,,,,,,,,,,,,,,,,,,,,,,,,,,,,,,,,,,,,,,,,,,,,,,,,,,,,,,,,,,,,RTE: T5 SCHD: 3:53,--> O: 05:51 AM > I: 09:44 AM,RTE: T2 SCHD: 3:43,--> O: 01:08 PM > RW: 04:51 PM,,,,,,,,,,,,,,,,,
ElmwoodWeekday308,Elmwood,2-23-2026,Weekday,03:06 PM,4Hrs 43Min,16980,308,2023-10-11 04:59 AM,,2023-10-11 5:38 PM,7:46,10.0,,T5,8254,O,05:12 AM,I,10:23 AM,5:11,311,2:56,T5,8270,O,03:06 PM,I,05:35 PM,2:29,149,,,,,,,,,,,,,,,,,,,,,,,,,,,,,,,,,,,,,,,,,,,,,,,,,,,,,,,,,,,,,,,,,,,,,,,,,RTE: T5 SCHD: 5:11,--> O: 05:12 AM > I: 10:23 AM,RTE: T5 SCHD: 2:29,--> O: 03:06 PM > I: 05:35 PM,,,,,,,,,,,,,,,,,
ElmwoodWeekday309,Elmwood,2-23-2026,Weekday,03:26 PM,1Hrs 18Min,4680,309,2023-10-11 06:52 AM,,2023-10-11 5:57 PM,9:37,10.9,,T5,8261,O,07:05 AM,I,02:08 PM,7:03,423,3:16,T5,8272,O,03:26 PM,I,05:54 PM,2:28,148,,,,,,,,,,,,,,,,,,,,,,,,,,,,,,,,,,,,,,,,,,,,,,,,,,,,,,,,,,,,,,,,,,,,,,,,,RTE: T5 SCHD: 7:03,--> O: 07:05 AM > I: 02:08 PM,RTE: T5 SCHD: 2:28,--> O: 03:26 PM > I: 05:54 PM,,,,,,,,,,,,,,,,,
ElmwoodWeekday310,Elmwood,2-23-2026,Weekday,03:39 PM,3Hrs 52Min,13920,310,2023-10-11 06:24 AM,,2023-10-11 6:28 PM,8:02,9.5,,T5,8258,O,06:37 AM,RW,11:47 AM,5:10,310,,T5,8262,RW,03:39 PM,I,06:25 PM,2:46,166,,,,,,,,,,,,,,,,,,,,,,,,,,,,,,,,,,,,,,,,,,,,,,,,,,,,,,,,,,,,,,,,,,,,,,,,,RTE: T5 SCHD: 5:10,--> O: 06:37 AM > RW: 11:47 AM,RTE: T5 SCHD: 2:46,--> RW: 03:39 PM > I: 06:25 PM,,,,,,,,,,,,,,,,,
ElmwoodWeekday311,Elmwood,2-23-2026,Weekday,11:54 AM,2Hrs 20Min,8400,311,2023-10-11 06:46 AM,,2023-10-11 6:35 PM,9:29,11.4,,T5,8260,O,06:59 AM,I,09:34 AM,2:35,155,11:44,T4,8109,RW,11:54 AM,I,06:32 PM,6:38,398,,,,,,,,,,,,,,,,,,,,,,,,,,,,,,,,,,,,,,,,,,,,,,,,,,,,,,,,,,,,,,,,,,,,,,,,,RTE: T5 SCHD: 2:35,--> O: 06:59 AM > I: 09:34 AM,RTE: T4 SCHD: 6:38,--> RW: 11:54 AM > I: 06:32 PM,,,,,,,,,,,,,,,,,
ElmwoodWeekday312,Elmwood,2-23-2026,Weekday,02:28 PM,3Hrs 20Min,12000,312,2023-10-11 07:04 AM,,2023-10-11 7:08 PM,8:39,10.4,,T5,8262,O,07:17 AM,RW,11:08 AM,3:51,231,2:18,T2,8217,O,02:28 PM,I,07:05 PM,4:37,277,,,,,,,,,,,,,,,,,,,,,,,,,,,,,,,,,,,,,,,,,,,,,,,,,,,,,,,,,,,,,,,,,,,,,,,,,RTE: T5 SCHD: 3:51,--> O: 07:17 AM > RW: 11:08 AM,RTE: T2 SCHD: 4:37,--> O: 02:28 PM > I: 07:05 PM,,,,,,,,,,,,,,,,,
ElmwoodWeekday313,Elmwood,2-23-2026,Weekday,02:47 PM,1Hrs 59Min,7140,313,2023-10-11 07:15 AM,,2023-10-11 7:10 PM,9:51,12.0,,T5,8263,O,07:28 AM,RW,12:48 PM,5:20,320,2:37,T3,8167,O,02:47 PM,I,07:07 PM,4:20,260,,,,,,,,,,,,,,,,,,,,,,,,,,,,,,,,,,,,,,,,,,,,,,,,,,,,,,,,,,,,,,,,,,,,,,,,,RTE: T5 SCHD: 5:20,--> O: 07:28 AM > RW: 12:48 PM,RTE: T3 SCHD: 4:20,--> O: 02:47 PM > I: 07:07 PM,,,,,,,,,,,,,,,,,
ElmwoodWeekday314,Elmwood,2-23-2026,Weekday,03:11 PM,2Hrs 13Min,7980,314,2023-10-11 07:25 AM,,2023-10-11 7:29 PM,9:41,11.9,,T5,8264,O,07:38 AM,RW,12:58 PM,5:20,320,,T5,8259,RW,03:11 PM,I,07:26 PM,4:15,255,,,,,,,,,,,,,,,,,,,,,,,,,,,,,,,,,,,,,,,,,,,,,,,,,,,,,,,,,,,,,,,,,,,,,,,,,RTE: T5 SCHD: 5:20,--> O: 07:38 AM > RW: 12:58 PM,RTE: T5 SCHD: 4:15,--> RW: 03:11 PM > I: 07:26 PM,,,,,,,,,,,,,,,,,
ElmwoodWeekday315,Elmwood,2-23-2026,Weekday,01:50 PM,3Hrs 20Min,12000,315,2023-10-11 07:45 AM,,2023-10-11 7:49 PM,9:14,11.3,,T5,8265,O,07:58 AM,RW,10:30 AM,2:32,152,1:15,T2,8201,RW,01:50 PM,I,07:46 PM,5:56,356,,,,,,,,,,,,,,,,,,,,,,,,,,,,,,,,,,,,,,,,,,,,,,,,,,,,,,,,,,,,,,,,,,,,,,,,,RTE: T5 SCHD: 2:32,--> O: 07:58 AM > RW: 10:30 AM,RTE: T2 SCHD: 5:56,--> RW: 01:50 PM > I: 07:46 PM,,,,,,,,,,,,,,,,,
ElmwoodWeekday316,Elmwood,2-23-2026,Weekday,,,,316,2023-10-11 11:39 AM,,2023-10-11 8:31 PM,8:52,9.3,,T5,8258,RW,11:47 AM,I,08:28 PM,8:41,521,,,,,,,,,,,,,,,,,,,,,,,,,,,,,,,,,,,,,,,,,,,,,,,,,,,,,,,,,,,,,,,,,,,,,,,,,,,,,,,,,,RTE: T5 SCHD: 8:41,--> RW: 11:47 AM > I: 08:28 PM,,,,,,,,,,,,,,,,,,,
ElmwoodWeekday317,Elmwood,2-23-2026,Weekday,,,,317,2023-10-11 12:50 PM,,2023-10-11 9:31 PM,8:41,9.0,,T5,8264,RW,12:58 PM,I,09:28 PM,8:30,510,,,,,,,,,,,,,,,,,,,,,,,,,,,,,,,,,,,,,,,,,,,,,,,,,,,,,,,,,,,,,,,,,,,,,,,,,,,,,,,,,,RTE: T5 SCHD: 8:30,--> RW: 12:58 PM > I: 09:28 PM,,,,,,,,,,,,,,,,,,,
ElmwoodWeekday318,Elmwood,2-23-2026,Weekday,02:41 PM,2Hrs 44Min,9840,318,2023-10-11 10:22 AM,,2023-10-11 9:45 PM,9:19,10.9,10:25,T5,8265,RW,10:30 AM,RW,11:57 AM,1:27,87,2:06,T2,8208,RW,02:41 PM,I,09:42 PM,7:01,421,,,,,,,,,,,,,,,,,,,,,,,,,,,,,,,,,,,,,,,,,,,,,,,,,,,,,,,,,,,,,,,,,,,,,,,,,RTE: T5 SCHD: 1:27,--> RW: 10:30 AM > RW: 11:57 AM,RTE: T2 SCHD: 7:01,--> RW: 02:41 PM > I: 09:42 PM,,,,,,,,,,,,,,,,,
ElmwoodWeekday319,Elmwood,2-23-2026,Weekday,,,,319,2023-10-11 11:49 AM,,2023-10-11 10:04 PM,10:15,11.4,,T5,8265,RW,11:57 AM,I,10:01 PM,10:04,604,,,,,,,,,,,,,,,,,,,,,,,,,,,,,,,,,,,,,,,,,,,,,,,,,,,,,,,,,,,,,,,,,,,,,,,,,,,,,,,,,,RTE: T5 SCHD: 10:04,--> RW: 11:57 AM > I: 10:01 PM,,,,,,,,,,,,,,,,,,,
ElmwoodWeekday320,Elmwood,2-23-2026,Weekday,,,,320,2023-10-11 02:12 PM,,2023-10-12 12:13 AM,9:51,10.8,,T5,8267,O,02:25 PM,I,12:10 AM,9:45,585,,,,,,,,,,,,,,,,,,,,,,,,,,,,,,,,,,,,,,,,,,,,,,,,,,,,,,,,,,,,,,,,,,,,,,,,,,,,,,,,,,RTE: T5 SCHD: 9:45,--> O: 02:25 PM > I: 12:10 AM,,,,,,,,,,,,,,,,,,,
ElmwoodWeekday320,Elmwood,2-23-2026,Weekday,,,,320,2023-10-11 02:12 PM,,2023-10-12 12:13 AM,9:51,10.8,,T5,8267,O,02:25 PM,I,12:10 AM,9:45,585,,,,,,,,,,,,,,,,,,,,,,,,,,,,,,,,,,,,,,,,,,,,,,,,,,,,,,,,,,,,,,,,,,,,,,,,,,,,,,,,,,RTE: T5 SCHD: 9:45,--> O: 02:25 PM > I: 12:10 AM,,,,,,,,,,,,,,,,,,,
ElmwoodWeekday321,Elmwood,2-23-2026,Weekday,,,,321,2023-10-11 02:43 PM,,2023-10-12 12:41 AM,9:48,10.7,,T5,8268,O,02:56 PM,I,12:38 AM,9:42,582,,,,,,,,,,,,,,,,,,,,,,,,,,,,,,,,,,,,,,,,,,,,,,,,,,,,,,,,,,,,,,,,,,,,,,,,,,,,,,,,,,RTE: T5 SCHD: 9:42,--> O: 02:56 PM > I: 12:38 AM,,,,,,,,,,,,,,,,,,,
ElmwoodWeekday321,Elmwood,2-23-2026,Weekday,,,,321,2023-10-11 02:43 PM,,2023-10-12 12:41 AM,9:48,10.7,,T5,8268,O,02:56 PM,I,12:38 AM,9:42,582,,,,,,,,,,,,,,,,,,,,,,,,,,,,,,,,,,,,,,,,,,,,,,,,,,,,,,,,,,,,,,,,,,,,,,,,,,,,,,,,,,RTE: T5 SCHD: 9:42,--> O: 02:56 PM > I: 12:38 AM,,,,,,,,,,,,,,,,,,,
ElmwoodWeekday322,Elmwood,2-23-2026,Weekday,,,,322,2023-10-11 03:27 PM,,2023-10-12 1:05 AM,9:28,10.2,,T5,8273,O,03:40 PM,I,01:02 AM,9:22,562,,,,,,,,,,,,,,,,,,,,,,,,,,,,,,,,,,,,,,,,,,,,,,,,,,,,,,,,,,,,,,,,,,,,,,,,,,,,,,,,,,RTE: T5 SCHD: 9:22,--> O: 03:40 PM > I: 01:02 AM,,,,,,,,,,,,,,,,,,,
ElmwoodWeekday322,Elmwood,2-23-2026,Weekday,,,,322,2023-10-11 03:27 PM,,2023-10-12 1:05 AM,9:28,10.2,,T5,8273,O,03:40 PM,I,01:02 AM,9:22,562,,,,,,,,,,,,,,,,,,,,,,,,,,,,,,,,,,,,,,,,,,,,,,,,,,,,,,,,,,,,,,,,,,,,,,,,,,,,,,,,,,RTE: T5 SCHD: 9:22,--> O: 03:40 PM > I: 01:02 AM,,,,,,,,,,,,,,,,,,,
ElmwoodWeekday351,Elmwood,2-23-2026,Weekday,,,,351,2023-10-11 04:05 AM,,2023-10-11 1:42 PM,9:27,10.2,,T5 BUS,8291,O,04:18 AM,I,01:39 PM,9:21,561,,,,,,,,,,,,,,,,,,,,,,,,,,,,,,,,,,,,,,,,,,,,,,,,,,,,,,,,,,,,,,,,,,,,,,,,,,,,,,,,,,RTE: T5 BUS SCHD: 9:21,--> O: 04:18 AM > I: 01:39 PM,,,,,,,,,,,,,,,,,,,
ElmwoodWeekday352,Elmwood,2-23-2026,Weekday,,,,352,2023-10-11 04:35 AM,,2023-10-11 2:22 PM,9:37,10.4,,T5 BUS,8292,O,04:48 AM,I,02:19 PM,9:31,571,,,,,,,,,,,,,,,,,,,,,,,,,,,,,,,,,,,,,,,,,,,,,,,,,,,,,,,,,,,,,,,,,,,,,,,,,,,,,,,,,,RTE: T5 BUS SCHD: 9:31,--> O: 04:48 AM > I: 02:19 PM,,,,,,,,,,,,,,,,,,,
ElmwoodWeekday353,Elmwood,2-23-2026,Weekday,01:06 PM,3Hrs 14Min,11640,353,2023-10-11 05:36 AM,,2023-10-11 5:14 PM,8:14,9.3,,T5 BUS,8293,O,05:49 AM,I,09:52 AM,4:03,243,12:56,T5 BUS,8295,O,01:06 PM,I,05:11 PM,4:05,245,,,,,,,,,,,,,,,,,,,,,,,,,,,,,,,,,,,,,,,,,,,,,,,,,,,,,,,,,,,,,,,,,,,,,,,,,RTE: T5 BUS SCHD: 4:03,--> O: 05:49 AM > I: 09:52 AM,RTE: T5 BUS SCHD: 4:05,--> O: 01:06 PM > I: 05:11 PM,,,,,,,,,,,,,,,,,
ElmwoodWeekday354,Elmwood,2-23-2026,Weekday,,,,354,2023-10-11 09:03 AM,,2023-10-11 8:00 PM,10:47,12.2,,T5 BUS,8294,O,09:16 AM,I,07:57 PM,10:41,641,,,,,,,,,,,,,,,,,,,,,,,,,,,,,,,,,,,,,,,,,,,,,,,,,,,,,,,,,,,,,,,,,,,,,,,,,,,,,,,,,,RTE: T5 BUS SCHD: 10:41,--> O: 09:16 AM > I: 07:57 PM,,,,,,,,,,,,,,,,,,,
ElmwoodWeekday355,Elmwood,2-23-2026,Weekday,,,,355,2023-10-11 01:13 PM,,2023-10-11 11:57 PM,10:34,11.9,,T5 BUS,8296,O,01:26 PM,I,11:54 PM,10:28,628,,,,,,,,,,,,,,,,,,,,,,,,,,,,,,,,,,,,,,,,,,,,,,,,,,,,,,,,,,,,,,,,,,,,,,,,,,,,,,,,,,RTE: T5 BUS SCHD: 10:28,--> O: 01:26 PM > I: 11:54 PM,,,,,,,,,,,,,,,,,,,
ElmwoodWeekday356,Elmwood,2-23-2026,Weekday,,,,356,2023-10-11 04:29 PM,,2023-10-12 1:00 AM,8:21,8.5,,T5 BUS,8297,O,04:42 PM,I,12:57 AM,8:15,495,,,,,,,,,,,,,,,,,,,,,,,,,,,,,,,,,,,,,,,,,,,,,,,,,,,,,,,,,,,,,,,,,,,,,,,,,,,,,,,,,,RTE: T5 BUS SCHD: 8:15,--> O: 04:42 PM > I: 12:57 AM,,,,,,,,,,,,,,,,,,,
