myid,runno,depot,page_1,page,day,moblink,pclink,Trip Sheet
Frankford railWeekday501,501,Frankford rail,1 of 2,1,Weekday,https://www4.septa.org/picking/pdf/spring-a-2026/frankford/rail/paddles/weekday-paddles.pdf#page=1,https://www4.septa.org/picking/pdf/spring-a-2026/frankford/rail/paddles/weekday-paddles#page=1.pdf,https://www4.septa.org/picking/pdf/spring-a-2026/frankford/rail/trip-sheets/weekday-trip-sheets.pdf
Frankford railWeekday502,502,Frankford rail,1 of 2,3,Weekday,https://www4.septa.org/picking/pdf/spring-a-2026/frankford/rail/paddles/weekday-paddles.pdf#page=3,https://www4.septa.org/picking/pdf/spring-a-2026/frankford/rail/paddles/weekday-paddles#page=3.pdf,https://www4.septa.org/picking/pdf/spring-a-2026/frankford/rail/trip-sheets/weekday-trip-sheets.pdf
Frankford railWeekday503,503,Frankford rail,1 of 2,5,Weekday,https://www4.septa.org/picking/pdf/spring-a-2026/frankford/rail/paddles/weekday-paddles.pdf#page=5,https://www4.septa.org/picking/pdf/spring-a-2026/frankford/rail/paddles/weekday-paddles#page=5.pdf,https://www4.septa.org/picking/pdf/spring-a-2026/frankford/rail/trip-sheets/weekday-trip-sheets.pdf
Frankford railWeekday504,504,Frankford rail,1 of 2,7,Weekday,https://www4.septa.org/picking/pdf/spring-a-2026/frankford/rail/paddles/weekday-paddles.pdf#page=7,https://www4.septa.org/picking/pdf/spring-a-2026/frankford/rail/paddles/weekday-paddles#page=7.pdf,https://www4.septa.org/picking/pdf/spring-a-2026/frankford/rail/trip-sheets/weekday-trip-sheets.pdf
Frankford railWeekday505,505,Frankford rail,1 of 2,9,Weekday,https://www4.septa.org/picking/pdf/spring-a-2026/frankford/rail/paddles/weekday-paddles.pdf#page=9,https://www4.septa.org/picking/pdf/spring-a-2026/frankford/rail/paddles/weekday-paddles#page=9.pdf,https://www4.septa.org/picking/pdf/spring-a-2026/frankford/rail/trip-sheets/weekday-trip-sheets.pdf
Frankford railWeekday506,506,Frankford rail,1 of 2,11,Weekday,https://www4.septa.org/picking/pdf/spring-a-2026/frankford/rail/paddles/weekday-paddles.pdf#page=11,https://www4.septa.org/picking/pdf/spring-a-2026/frankford/rail/paddles/weekday-paddles#page=11.pdf,https://www4.septa.org/picking/pdf/spring-a-2026/frankford/rail/trip-sheets/weekday-trip-sheets.pdf
Frankford railWeekday507,507,Frankford rail,1 of 2,13,Weekday,https://www4.septa.org/picking/pdf/spring-a-2026/frankford/rail/paddles/weekday-paddles.pdf#page=13,https://www4.septa.org/picking/pdf/spring-a-2026/frankford/rail/paddles/weekday-paddles#page=13.pdf,https://www4.septa.org/picking/pdf/spring-a-2026/frankford/rail/trip-sheets/weekday-trip-sheets.pdf
Frankford railWeekday508,508,Frankford rail,1 of 2,15,Weekday,https://www4.septa.org/picking/pdf/spring-a-2026/frankford/rail/paddles/weekday-paddles.pdf#page=15,https://www4.septa.org/picking/pdf/spring-a-2026/frankford/rail/paddles/weekday-paddles#page=15.pdf,https://www4.septa.org/picking/pdf/spring-a-2026/frankford/rail/trip-sheets/weekday-trip-sheets.pdf
Frankford railWeekday509,509,Frankford rail,1 of 2,17,Weekday,https://www4.septa.org/picking/pdf/spring-a-2026/frankford/rail/paddles/weekday-paddles.pdf#page=17,https://www4.septa.org/picking/pdf/spring-a-2026/frankford/rail/paddles/weekday-paddles#page=17.pdf,https://www4.septa.org/picking/pdf/spring-a-2026/frankford/rail/trip-sheets/weekday-trip-sheets.pdf
Frankford railWeekday510,510,Frankford rail,1 of 2,19,Weekday,https://www4.septa.org/picking/pdf/spring-a-2026/frankford/rail/paddles/weekday-paddles.pdf#page=19,https://www4.septa.org/picking/pdf/spring-a-2026/frankford/rail/paddles/weekday-paddles#page=19.pdf,https://www4.septa.org/picking/pdf/spring-a-2026/frankford/rail/trip-sheets/weekday-trip-sheets.pdf
Frankford railWeekday511,511,Frankford rail,1 of 2,21,Weekday,https://www4.septa.org/picking/pdf/spring-a-2026/frankford/rail/paddles/weekday-paddles.pdf#page=21,https://www4.septa.org/picking/pdf/spring-a-2026/frankford/rail/paddles/weekday-paddles#page=21.pdf,https://www4.septa.org/picking/pdf/spring-a-2026/frankford/rail/trip-sheets/weekday-trip-sheets.pdf
Frankford railWeekday512,512,Frankford rail,1 of 2,23,Weekday,https://www4.septa.org/picking/pdf/spring-a-2026/frankford/rail/paddles/weekday-paddles.pdf#page=23,https://www4.septa.org/picking/pdf/spring-a-2026/frankford/rail/paddles/weekday-paddles#page=23.pdf,https://www4.septa.org/picking/pdf/spring-a-2026/frankford/rail/trip-sheets/weekday-trip-sheets.pdf
Frankford railWeekday513,513,Frankford rail,1 of 2,25,Weekday,https://www4.septa.org/picking/pdf/spring-a-2026/frankford/rail/paddles/weekday-paddles.pdf#page=25,https://www4.septa.org/picking/pdf/spring-a-2026/frankford/rail/paddles/weekday-paddles#page=25.pdf,https://www4.septa.org/picking/pdf/spring-a-2026/frankford/rail/trip-sheets/weekday-trip-sheets.pdf
Frankford railWeekday514,514,Frankford rail,1 of 2,27,Weekday,https://www4.septa.org/picking/pdf/spring-a-2026/frankford/rail/paddles/weekday-paddles.pdf#page=27,https://www4.septa.org/picking/pdf/spring-a-2026/frankford/rail/paddles/weekday-paddles#page=27.pdf,https://www4.septa.org/picking/pdf/spring-a-2026/frankford/rail/trip-sheets/weekday-trip-sheets.pdf
Frankford railWeekday515,515,Frankford rail,1 of 2,29,Weekday,https://www4.septa.org/picking/pdf/spring-a-2026/frankford/rail/paddles/weekday-paddles.pdf#page=29,https://www4.septa.org/picking/pdf/spring-a-2026/frankford/rail/paddles/weekday-paddles#page=29.pdf,https://www4.septa.org/picking/pdf/spring-a-2026/frankford/rail/trip-sheets/weekday-trip-sheets.pdf
Frankford railWeekday516,516,Frankford rail,1 of 2,31,Weekday,https://www4.septa.org/picking/pdf/spring-a-2026/frankford/rail/paddles/weekday-paddles.pdf#page=31,https://www4.septa.org/picking/pdf/spring-a-2026/frankford/rail/paddles/weekday-paddles#page=31.pdf,https://www4.septa.org/picking/pdf/spring-a-2026/frankford/rail/trip-sheets/weekday-trip-sheets.pdf
Frankford railWeekday517,517,Frankford rail,1 of 2,33,Weekday,https://www4.septa.org/picking/pdf/spring-a-2026/frankford/rail/paddles/weekday-paddles.pdf#page=33,https://www4.septa.org/picking/pdf/spring-a-2026/frankford/rail/paddles/weekday-paddles#page=33.pdf,https://www4.septa.org/picking/pdf/spring-a-2026/frankford/rail/trip-sheets/weekday-trip-sheets.pdf
Frankford railWeekday518,518,Frankford rail,1 of 2,35,Weekday,https://www4.septa.org/picking/pdf/spring-a-2026/frankford/rail/paddles/weekday-paddles.pdf#page=35,https://www4.septa.org/picking/pdf/spring-a-2026/frankford/rail/paddles/weekday-paddles#page=35.pdf,https://www4.septa.org/picking/pdf/spring-a-2026/frankford/rail/trip-sheets/weekday-trip-sheets.pdf
Frankford railWeekday519,519,Frankford rail,1 of 2,37,Weekday,https://www4.septa.org/picking/pdf/spring-a-2026/frankford/rail/paddles/weekday-paddles.pdf#page=37,https://www4.septa.org/picking/pdf/spring-a-2026/frankford/rail/paddles/weekday-paddles#page=37.pdf,https://www4.septa.org/picking/pdf/spring-a-2026/frankford/rail/trip-sheets/weekday-trip-sheets.pdf
Frankford railWeekday520,520,Frankford rail,1 of 2,39,Weekday,https://www4.septa.org/picking/pdf/spring-a-2026/frankford/rail/paddles/weekday-paddles.pdf#page=39,https://www4.septa.org/picking/pdf/spring-a-2026/frankford/rail/paddles/weekday-paddles#page=39.pdf,https://www4.septa.org/picking/pdf/spring-a-2026/frankford/rail/trip-sheets/weekday-trip-sheets.pdf
Frankford railWeekday521,521,Frankford rail,1 of 2,41,Weekday,https://www4.septa.org/picking/pdf/spring-a-2026/frankford/rail/paddles/weekday-paddles.pdf#page=41,https://www4.septa.org/picking/pdf/spring-a-2026/frankford/rail/paddles/weekday-paddles#page=41.pdf,https://www4.septa.org/picking/pdf/spring-a-2026/frankford/rail/trip-sheets/weekday-trip-sheets.pdf
Frankford railWeekday522,522,Frankford rail,1 of 2,43,Weekday,https://www4.septa.org/picking/pdf/spring-a-2026/frankford/rail/paddles/weekday-paddles.pdf#page=43,https://www4.septa.org/picking/pdf/spring-a-2026/frankford/rail/paddles/weekday-paddles#page=43.pdf,https://www4.septa.org/picking/pdf/spring-a-2026/frankford/rail/trip-sheets/weekday-trip-sheets.pdf
Frankford railWeekday601,601,Frankford rail,1 of 2,45,Weekday,https://www4.septa.org/picking/pdf/spring-a-2026/frankford/rail/paddles/weekday-paddles.pdf#page=45,https://www4.septa.org/picking/pdf/spring-a-2026/frankford/rail/paddles/weekday-paddles#page=45.pdf,https://www4.septa.org/picking/pdf/spring-a-2026/frankford/rail/trip-sheets/weekday-trip-sheets.pdf
Frankford railWeekday602,602,Frankford rail,1 of 2,47,Weekday,https://www4.septa.org/picking/pdf/spring-a-2026/frankford/rail/paddles/weekday-paddles.pdf#page=47,https://www4.septa.org/picking/pdf/spring-a-2026/frankford/rail/paddles/weekday-paddles#page=47.pdf,https://www4.septa.org/picking/pdf/spring-a-2026/frankford/rail/trip-sheets/weekday-trip-sheets.pdf
Frankford railWeekday603,603,Frankford rail,1 of 2,49,Weekday,https://www4.septa.org/picking/pdf/spring-a-2026/frankford/rail/paddles/weekday-paddles.pdf#page=49,https://www4.septa.org/picking/pdf/spring-a-2026/frankford/rail/paddles/weekday-paddles#page=49.pdf,https://www4.septa.org/picking/pdf/spring-a-2026/frankford/rail/trip-sheets/weekday-trip-sheets.pdf
Frankford railWeekday604,604,Frankford rail,1 of 3,51,Weekday,https://www4.septa.org/picking/pdf/spring-a-2026/frankford/rail/paddles/weekday-paddles.pdf#page=51,https://www4.septa.org/picking/pdf/spring-a-2026/frankford/rail/paddles/weekday-paddles#page=51.pdf,https://www4.septa.org/picking/pdf/spring-a-2026/frankford/rail/trip-sheets/weekday-trip-sheets.pdf
Frankford railWeekday605,605,Frankford rail,1 of 2,54,Weekday,https://www4.septa.org/picking/pdf/spring-a-2026/frankford/rail/paddles/weekday-paddles.pdf#page=54,https://www4.septa.org/picking/pdf/spring-a-2026/frankford/rail/paddles/weekday-paddles#page=54.pdf,https://www4.septa.org/picking/pdf/spring-a-2026/frankford/rail/trip-sheets/weekday-trip-sheets.pdf
Frankford railWeekday606,606,Frankford rail,1 of 2,56,Weekday,https://www4.septa.org/picking/pdf/spring-a-2026/frankford/rail/paddles/weekday-paddles.pdf#page=56,https://www4.septa.org/picking/pdf/spring-a-2026/frankford/rail/paddles/weekday-paddles#page=56.pdf,https://www4.septa.org/picking/pdf/spring-a-2026/frankford/rail/trip-sheets/weekday-trip-sheets.pdf
Frankford railWeekday701,701,Frankford rail,1 of 1,58,Weekday,https://www4.septa.org/picking/pdf/spring-a-2026/frankford/rail/paddles/weekday-paddles.pdf#page=58,https://www4.septa.org/picking/pdf/spring-a-2026/frankford/rail/paddles/weekday-paddles#page=58.pdf,https://www4.septa.org/picking/pdf/spring-a-2026/frankford/rail/trip-sheets/weekday-trip-sheets.pdf
Frankford railWeekday702,702,Frankford rail,1 of 2,59,Weekday,https://www4.septa.org/picking/pdf/spring-a-2026/frankford/rail/paddles/weekday-paddles.pdf#page=59,https://www4.septa.org/picking/pdf/spring-a-2026/frankford/rail/paddles/weekday-paddles#page=59.pdf,https://www4.septa.org/picking/pdf/spring-a-2026/frankford/rail/trip-sheets/weekday-trip-sheets.pdf
Frankford railWeekday703,703,Frankford rail,1 of 2,61,Weekday,https://www4.septa.org/picking/pdf/spring-a-2026/frankford/rail/paddles/weekday-paddles.pdf#page=61,https://www4.septa.org/picking/pdf/spring-a-2026/frankford/rail/paddles/weekday-paddles#page=61.pdf,https://www4.septa.org/picking/pdf/spring-a-2026/frankford/rail/trip-sheets/weekday-trip-sheets.pdf
Frankford railWeekday704,704,Frankford rail,1 of 2,63,Weekday,https://www4.septa.org/picking/pdf/spring-a-2026/frankford/rail/paddles/weekday-paddles.pdf#page=63,https://www4.septa.org/picking/pdf/spring-a-2026/frankford/rail/paddles/weekday-paddles#page=63.pdf,https://www4.septa.org/picking/pdf/spring-a-2026/frankford/rail/trip-sheets/weekday-trip-sheets.pdf
Frankford railWeekday705,705,Frankford rail,1 of 2,65,Weekday,https://www4.septa.org/picking/pdf/spring-a-2026/frankford/rail/paddles/weekday-paddles.pdf#page=65,https://www4.septa.org/picking/pdf/spring-a-2026/frankford/rail/paddles/weekday-paddles#page=65.pdf,https://www4.septa.org/picking/pdf/spring-a-2026/frankford/rail/trip-sheets/weekday-trip-sheets.pdf
Frankford railWeekday706,706,Frankford rail,1 of 2,67,Weekday,https://www4.septa.org/picking/pdf/spring-a-2026/frankford/rail/paddles/weekday-paddles.pdf#page=67,https://www4.septa.org/picking/pdf/spring-a-2026/frankford/rail/paddles/weekday-paddles#page=67.pdf,https://www4.septa.org/picking/pdf/spring-a-2026/frankford/rail/trip-sheets/weekday-trip-sheets.pdf
Frankford railWeekday707,707,Frankford rail,1 of 1,69,Weekday,https://www4.septa.org/picking/pdf/spring-a-2026/frankford/rail/paddles/weekday-paddles.pdf#page=69,https://www4.septa.org/picking/pdf/spring-a-2026/frankford/rail/paddles/weekday-paddles#page=69.pdf,https://www4.septa.org/picking/pdf/spring-a-2026/frankford/rail/trip-sheets/weekday-trip-sheets.pdf
Frankford railWeekday708,708,Frankford rail,1 of 1,70,Weekday,https://www4.septa.org/picking/pdf/spring-a-2026/frankford/rail/paddles/weekday-paddles.pdf#page=70,https://www4.septa.org/picking/pdf/spring-a-2026/frankford/rail/paddles/weekday-paddles#page=70.pdf,https://www4.septa.org/picking/pdf/spring-a-2026/frankford/rail/trip-sheets/weekday-trip-sheets.pdf
Frankford railWeekday709,709,Frankford rail,1 of 2,71,Weekday,https://www4.septa.org/picking/pdf/spring-a-2026/frankford/rail/paddles/weekday-paddles.pdf#page=71,https://www4.septa.org/picking/pdf/spring-a-2026/frankford/rail/paddles/weekday-paddles#page=71.pdf,https://www4.septa.org/picking/pdf/spring-a-2026/frankford/rail/trip-sheets/weekday-trip-sheets.pdf
Frankford railSaturday501,501,Frankford rail,1 of 2,1,Saturday,https://www4.septa.org/picking/pdf/spring-a-2026/frankford/rail/paddles/saturday-paddles.pdf#page=1,https://www4.septa.org/picking/pdf/spring-a-2026/frankford/rail/paddles/saturday-paddles#page=1.pdf,https://www4.septa.org/picking/pdf/spring-a-2026/frankford/rail/trip-sheets/saturday-trip-sheets.pdf
Frankford railSaturday502,502,Frankford rail,1 of 2,3,Saturday,https://www4.septa.org/picking/pdf/spring-a-2026/frankford/rail/paddles/saturday-paddles.pdf#page=3,https://www4.septa.org/picking/pdf/spring-a-2026/frankford/rail/paddles/saturday-paddles#page=3.pdf,https://www4.septa.org/picking/pdf/spring-a-2026/frankford/rail/trip-sheets/saturday-trip-sheets.pdf
Frankford railSaturday503,503,Frankford rail,1 of 2,5,Saturday,https://www4.septa.org/picking/pdf/spring-a-2026/frankford/rail/paddles/saturday-paddles.pdf#page=5,https://www4.septa.org/picking/pdf/spring-a-2026/frankford/rail/paddles/saturday-paddles#page=5.pdf,https://www4.septa.org/picking/pdf/spring-a-2026/frankford/rail/trip-sheets/saturday-trip-sheets.pdf
Frankford railSaturday504,504,Frankford rail,1 of 2,7,Saturday,https://www4.septa.org/picking/pdf/spring-a-2026/frankford/rail/paddles/saturday-paddles.pdf#page=7,https://www4.septa.org/picking/pdf/spring-a-2026/frankford/rail/paddles/saturday-paddles#page=7.pdf,https://www4.septa.org/picking/pdf/spring-a-2026/frankford/rail/trip-sheets/saturday-trip-sheets.pdf
Frankford railSaturday505,505,Frankford rail,1 of 2,9,Saturday,https://www4.septa.org/picking/pdf/spring-a-2026/frankford/rail/paddles/saturday-paddles.pdf#page=9,https://www4.septa.org/picking/pdf/spring-a-2026/frankford/rail/paddles/saturday-paddles#page=9.pdf,https://www4.septa.org/picking/pdf/spring-a-2026/frankford/rail/trip-sheets/saturday-trip-sheets.pdf
Frankford railSaturday506,506,Frankford rail,1 of 2,11,Saturday,https://www4.septa.org/picking/pdf/spring-a-2026/frankford/rail/paddles/saturday-paddles.pdf#page=11,https://www4.septa.org/picking/pdf/spring-a-2026/frankford/rail/paddles/saturday-paddles#page=11.pdf,https://www4.septa.org/picking/pdf/spring-a-2026/frankford/rail/trip-sheets/saturday-trip-sheets.pdf
Frankford railSaturday507,507,Frankford rail,1 of 2,13,Saturday,https://www4.septa.org/picking/pdf/spring-a-2026/frankford/rail/paddles/saturday-paddles.pdf#page=13,https://www4.septa.org/picking/pdf/spring-a-2026/frankford/rail/paddles/saturday-paddles#page=13.pdf,https://www4.septa.org/picking/pdf/spring-a-2026/frankford/rail/trip-sheets/saturday-trip-sheets.pdf
Frankford railSaturday508,508,Frankford rail,1 of 2,15,Saturday,https://www4.septa.org/picking/pdf/spring-a-2026/frankford/rail/paddles/saturday-paddles.pdf#page=15,https://www4.septa.org/picking/pdf/spring-a-2026/frankford/rail/paddles/saturday-paddles#page=15.pdf,https://www4.septa.org/picking/pdf/spring-a-2026/frankford/rail/trip-sheets/saturday-trip-sheets.pdf
Frankford railSaturday509,509,Frankford rail,1 of 2,17,Saturday,https://www4.septa.org/picking/pdf/spring-a-2026/frankford/rail/paddles/saturday-paddles.pdf#page=17,https://www4.septa.org/picking/pdf/spring-a-2026/frankford/rail/paddles/saturday-paddles#page=17.pdf,https://www4.septa.org/picking/pdf/spring-a-2026/frankford/rail/trip-sheets/saturday-trip-sheets.pdf
Frankford railSaturday510,510,Frankford rail,1 of 2,19,Saturday,https://www4.septa.org/picking/pdf/spring-a-2026/frankford/rail/paddles/saturday-paddles.pdf#page=19,https://www4.septa.org/picking/pdf/spring-a-2026/frankford/rail/paddles/saturday-paddles#page=19.pdf,https://www4.septa.org/picking/pdf/spring-a-2026/frankford/rail/trip-sheets/saturday-trip-sheets.pdf
Frankford railSaturday511,511,Frankford rail,1 of 2,21,Saturday,https://www4.septa.org/picking/pdf/spring-a-2026/frankford/rail/paddles/saturday-paddles.pdf#page=21,https://www4.septa.org/picking/pdf/spring-a-2026/frankford/rail/paddles/saturday-paddles#page=21.pdf,https://www4.septa.org/picking/pdf/spring-a-2026/frankford/rail/trip-sheets/saturday-trip-sheets.pdf
Frankford railSaturday512,512,Frankford rail,1 of 2,23,Saturday,https://www4.septa.org/picking/pdf/spring-a-2026/frankford/rail/paddles/saturday-paddles.pdf#page=23,https://www4.septa.org/picking/pdf/spring-a-2026/frankford/rail/paddles/saturday-paddles#page=23.pdf,https://www4.septa.org/picking/pdf/spring-a-2026/frankford/rail/trip-sheets/saturday-trip-sheets.pdf
Frankford railSaturday601,601,Frankford rail,1 of 2,25,Saturday,https://www4.septa.org/picking/pdf/spring-a-2026/frankford/rail/paddles/saturday-paddles.pdf#page=25,https://www4.septa.org/picking/pdf/spring-a-2026/frankford/rail/paddles/saturday-paddles#page=25.pdf,https://www4.septa.org/picking/pdf/spring-a-2026/frankford/rail/trip-sheets/saturday-trip-sheets.pdf
Frankford railSaturday602,602,Frankford rail,1 of 2,27,Saturday,https://www4.septa.org/picking/pdf/spring-a-2026/frankford/rail/paddles/saturday-paddles.pdf#page=27,https://www4.septa.org/picking/pdf/spring-a-2026/frankford/rail/paddles/saturday-paddles#page=27.pdf,https://www4.septa.org/picking/pdf/spring-a-2026/frankford/rail/trip-sheets/saturday-trip-sheets.pdf
Frankford railSaturday603,603,Frankford rail,1 of 2,29,Saturday,https://www4.septa.org/picking/pdf/spring-a-2026/frankford/rail/paddles/saturday-paddles.pdf#page=29,https://www4.septa.org/picking/pdf/spring-a-2026/frankford/rail/paddles/saturday-paddles#page=29.pdf,https://www4.septa.org/picking/pdf/spring-a-2026/frankford/rail/trip-sheets/saturday-trip-sheets.pdf
Frankford railSaturday604,604,Frankford rail,1 of 2,31,Saturday,https://www4.septa.org/picking/pdf/spring-a-2026/frankford/rail/paddles/saturday-paddles.pdf#page=31,https://www4.septa.org/picking/pdf/spring-a-2026/frankford/rail/paddles/saturday-paddles#page=31.pdf,https://www4.septa.org/picking/pdf/spring-a-2026/frankford/rail/trip-sheets/saturday-trip-sheets.pdf
Frankford railSaturday605,605,Frankford rail,1 of 2,33,Saturday,https://www4.septa.org/picking/pdf/spring-a-2026/frankford/rail/paddles/saturday-paddles.pdf#page=33,https://www4.septa.org/picking/pdf/spring-a-2026/frankford/rail/paddles/saturday-paddles#page=33.pdf,https://www4.septa.org/picking/pdf/spring-a-2026/frankford/rail/trip-sheets/saturday-trip-sheets.pdf
Frankford railSaturday606,606,Frankford rail,1 of 2,35,Saturday,https://www4.septa.org/picking/pdf/spring-a-2026/frankford/rail/paddles/saturday-paddles.pdf#page=35,https://www4.septa.org/picking/pdf/spring-a-2026/frankford/rail/paddles/saturday-paddles#page=35.pdf,https://www4.septa.org/picking/pdf/spring-a-2026/frankford/rail/trip-sheets/saturday-trip-sheets.pdf
Frankford railSaturday701,701,Frankford rail,1 of 1,37,Saturday,https://www4.septa.org/picking/pdf/spring-a-2026/frankford/rail/paddles/saturday-paddles.pdf#page=37,https://www4.septa.org/picking/pdf/spring-a-2026/frankford/rail/paddles/saturday-paddles#page=37.pdf,https://www4.septa.org/picking/pdf/spring-a-2026/frankford/rail/trip-sheets/saturday-trip-sheets.pdf
Frankford railSaturday702,702,Frankford rail,1 of 1,38,Saturday,https://www4.septa.org/picking/pdf/spring-a-2026/frankford/rail/paddles/saturday-paddles.pdf#page=38,https://www4.septa.org/picking/pdf/spring-a-2026/frankford/rail/paddles/saturday-paddles#page=38.pdf,https://www4.septa.org/picking/pdf/spring-a-2026/frankford/rail/trip-sheets/saturday-trip-sheets.pdf
Frankford railSaturday703,703,Frankford rail,1 of 1,39,Saturday,https://www4.septa.org/picking/pdf/spring-a-2026/frankford/rail/paddles/saturday-paddles.pdf#page=39,https://www4.septa.org/picking/pdf/spring-a-2026/frankford/rail/paddles/saturday-paddles#page=39.pdf,https://www4.septa.org/picking/pdf/spring-a-2026/frankford/rail/trip-sheets/saturday-trip-sheets.pdf
Frankford railSaturday704,704,Frankford rail,1 of 2,40,Saturday,https://www4.septa.org/picking/pdf/spring-a-2026/frankford/rail/paddles/saturday-paddles.pdf#page=40,https://www4.septa.org/picking/pdf/spring-a-2026/frankford/rail/paddles/saturday-paddles#page=40.pdf,https://www4.septa.org/picking/pdf/spring-a-2026/frankford/rail/trip-sheets/saturday-trip-sheets.pdf
Frankford railSaturday705,705,Frankford rail,1 of 2,42,Saturday,https://www4.septa.org/picking/pdf/spring-a-2026/frankford/rail/paddles/saturday-paddles.pdf#page=42,https://www4.septa.org/picking/pdf/spring-a-2026/frankford/rail/paddles/saturday-paddles#page=42.pdf,https://www4.septa.org/picking/pdf/spring-a-2026/frankford/rail/trip-sheets/saturday-trip-sheets.pdf
Frankford railSunday501,501,Frankford rail,1 of 2,1,Sunday,https://www4.septa.org/picking/pdf/spring-a-2026/frankford/rail/paddles/sunday-paddles.pdf#page=1,https://www4.septa.org/picking/pdf/spring-a-2026/frankford/rail/paddles/sunday-paddles#page=1.pdf,https://www4.septa.org/picking/pdf/spring-a-2026/frankford/rail/trip-sheets/sunday-trip-sheets.pdf
Frankford railSunday502,502,Frankford rail,1 of 2,3,Sunday,https://www4.septa.org/picking/pdf/spring-a-2026/frankford/rail/paddles/sunday-paddles.pdf#page=3,https://www4.septa.org/picking/pdf/spring-a-2026/frankford/rail/paddles/sunday-paddles#page=3.pdf,https://www4.septa.org/picking/pdf/spring-a-2026/frankford/rail/trip-sheets/sunday-trip-sheets.pdf
Frankford railSunday503,503,Frankford rail,1 of 2,5,Sunday,https://www4.septa.org/picking/pdf/spring-a-2026/frankford/rail/paddles/sunday-paddles.pdf#page=5,https://www4.septa.org/picking/pdf/spring-a-2026/frankford/rail/paddles/sunday-paddles#page=5.pdf,https://www4.septa.org/picking/pdf/spring-a-2026/frankford/rail/trip-sheets/sunday-trip-sheets.pdf
Frankford railSunday504,504,Frankford rail,1 of 2,7,Sunday,https://www4.septa.org/picking/pdf/spring-a-2026/frankford/rail/paddles/sunday-paddles.pdf#page=7,https://www4.septa.org/picking/pdf/spring-a-2026/frankford/rail/paddles/sunday-paddles#page=7.pdf,https://www4.septa.org/picking/pdf/spring-a-2026/frankford/rail/trip-sheets/sunday-trip-sheets.pdf
Frankford railSunday505,505,Frankford rail,1 of 2,9,Sunday,https://www4.septa.org/picking/pdf/spring-a-2026/frankford/rail/paddles/sunday-paddles.pdf#page=9,https://www4.septa.org/picking/pdf/spring-a-2026/frankford/rail/paddles/sunday-paddles#page=9.pdf,https://www4.septa.org/picking/pdf/spring-a-2026/frankford/rail/trip-sheets/sunday-trip-sheets.pdf
Frankford railSunday506,506,Frankford rail,1 of 2,11,Sunday,https://www4.septa.org/picking/pdf/spring-a-2026/frankford/rail/paddles/sunday-paddles.pdf#page=11,https://www4.septa.org/picking/pdf/spring-a-2026/frankford/rail/paddles/sunday-paddles#page=11.pdf,https://www4.septa.org/picking/pdf/spring-a-2026/frankford/rail/trip-sheets/sunday-trip-sheets.pdf
Frankford railSunday507,507,Frankford rail,1 of 2,13,Sunday,https://www4.septa.org/picking/pdf/spring-a-2026/frankford/rail/paddles/sunday-paddles.pdf#page=13,https://www4.septa.org/picking/pdf/spring-a-2026/frankford/rail/paddles/sunday-paddles#page=13.pdf,https://www4.septa.org/picking/pdf/spring-a-2026/frankford/rail/trip-sheets/sunday-trip-sheets.pdf
Frankford railSunday508,508,Frankford rail,1 of 2,15,Sunday,https://www4.septa.org/picking/pdf/spring-a-2026/frankford/rail/paddles/sunday-paddles.pdf#page=15,https://www4.septa.org/picking/pdf/spring-a-2026/frankford/rail/paddles/sunday-paddles#page=15.pdf,https://www4.septa.org/picking/pdf/spring-a-2026/frankford/rail/trip-sheets/sunday-trip-sheets.pdf
Frankford railSunday509,509,Frankford rail,1 of 2,17,Sunday,https://www4.septa.org/picking/pdf/spring-a-2026/frankford/rail/paddles/sunday-paddles.pdf#page=17,https://www4.septa.org/picking/pdf/spring-a-2026/frankford/rail/paddles/sunday-paddles#page=17.pdf,https://www4.septa.org/picking/pdf/spring-a-2026/frankford/rail/trip-sheets/sunday-trip-sheets.pdf
Frankford railSunday510,510,Frankford rail,1 of 2,19,Sunday,https://www4.septa.org/picking/pdf/spring-a-2026/frankford/rail/paddles/sunday-paddles.pdf#page=19,https://www4.septa.org/picking/pdf/spring-a-2026/frankford/rail/paddles/sunday-paddles#page=19.pdf,https://www4.septa.org/picking/pdf/spring-a-2026/frankford/rail/trip-sheets/sunday-trip-sheets.pdf
Frankford railSunday511,511,Frankford rail,1 of 2,21,Sunday,https://www4.septa.org/picking/pdf/spring-a-2026/frankford/rail/paddles/sunday-paddles.pdf#page=21,https://www4.septa.org/picking/pdf/spring-a-2026/frankford/rail/paddles/sunday-paddles#page=21.pdf,https://www4.septa.org/picking/pdf/spring-a-2026/frankford/rail/trip-sheets/sunday-trip-sheets.pdf
Frankford railSunday601,601,Frankford rail,1 of 2,23,Sunday,https://www4.septa.org/picking/pdf/spring-a-2026/frankford/rail/paddles/sunday-paddles.pdf#page=23,https://www4.septa.org/picking/pdf/spring-a-2026/frankford/rail/paddles/sunday-paddles#page=23.pdf,https://www4.septa.org/picking/pdf/spring-a-2026/frankford/rail/trip-sheets/sunday-trip-sheets.pdf
Frankford railSunday602,602,Frankford rail,1 of 2,25,Sunday,https://www4.septa.org/picking/pdf/spring-a-2026/frankford/rail/paddles/sunday-paddles.pdf#page=25,https://www4.septa.org/picking/pdf/spring-a-2026/frankford/rail/paddles/sunday-paddles#page=25.pdf,https://www4.septa.org/picking/pdf/spring-a-2026/frankford/rail/trip-sheets/sunday-trip-sheets.pdf
Frankford railSunday603,603,Frankford rail,1 of 2,27,Sunday,https://www4.septa.org/picking/pdf/spring-a-2026/frankford/rail/paddles/sunday-paddles.pdf#page=27,https://www4.septa.org/picking/pdf/spring-a-2026/frankford/rail/paddles/sunday-paddles#page=27.pdf,https://www4.septa.org/picking/pdf/spring-a-2026/frankford/rail/trip-sheets/sunday-trip-sheets.pdf
Frankford railSunday604,604,Frankford rail,1 of 2,29,Sunday,https://www4.septa.org/picking/pdf/spring-a-2026/frankford/rail/paddles/sunday-paddles.pdf#page=29,https://www4.septa.org/picking/pdf/spring-a-2026/frankford/rail/paddles/sunday-paddles#page=29.pdf,https://www4.septa.org/picking/pdf/spring-a-2026/frankford/rail/trip-sheets/sunday-trip-sheets.pdf
Frankford railSunday605,605,Frankford rail,1 of 2,31,Sunday,https://www4.septa.org/picking/pdf/spring-a-2026/frankford/rail/paddles/sunday-paddles.pdf#page=31,https://www4.septa.org/picking/pdf/spring-a-2026/frankford/rail/paddles/sunday-paddles#page=31.pdf,https://www4.septa.org/picking/pdf/spring-a-2026/frankford/rail/trip-sheets/sunday-trip-sheets.pdf
Frankford railSunday701,701,Frankford rail,1 of 1,33,Sunday,https://www4.septa.org/picking/pdf/spring-a-2026/frankford/rail/paddles/sunday-paddles.pdf#page=33,https://www4.septa.org/picking/pdf/spring-a-2026/frankford/rail/paddles/sunday-paddles#page=33.pdf,https://www4.septa.org/picking/pdf/spring-a-2026/frankford/rail/trip-sheets/sunday-trip-sheets.pdf
Frankford railSunday702,702,Frankford rail,1 of 1,34,Sunday,https://www4.septa.org/picking/pdf/spring-a-2026/frankford/rail/paddles/sunday-paddles.pdf#page=34,https://www4.septa.org/picking/pdf/spring-a-2026/frankford/rail/paddles/sunday-paddles#page=34.pdf,https://www4.septa.org/picking/pdf/spring-a-2026/frankford/rail/trip-sheets/sunday-trip-sheets.pdf
Frankford railSunday703,703,Frankford rail,1 of 1,35,Sunday,https://www4.septa.org/picking/pdf/spring-a-2026/frankford/rail/paddles/sunday-paddles.pdf#page=35,https://www4.septa.org/picking/pdf/spring-a-2026/frankford/rail/paddles/sunday-paddles#page=35.pdf,https://www4.septa.org/picking/pdf/spring-a-2026/frankford/rail/trip-sheets/sunday-trip-sheets.pdf
Frankford railSunday704,704,Frankford rail,1 of 1,36,Sunday,https://www4.septa.org/picking/pdf/spring-a-2026/frankford/rail/paddles/sunday-paddles.pdf#page=36,https://www4.septa.org/picking/pdf/spring-a-2026/frankford/rail/paddles/sunday-paddles#page=36.pdf,https://www4.septa.org/picking/pdf/spring-a-2026/frankford/rail/trip-sheets/sunday-trip-sheets.pdf
