myid,runno,depot,page_1,page,day,moblink,pclink,Trip Sheet
AlleghenyWeekday101,101,Allegheny,1 of 2,1,Weekday,https://www4.septa.org/picking/pdf/fall-a-2026/allegheny/paddles/weekday-paddles.pdf#page=1,https://www4.septa.org/picking/pdf/fall-a-2026/allegheny/paddles/weekday-paddles#page=1.pdf,https://www4.septa.org/picking/pdf/fall-a-2026/allegheny/trip-sheets/weekday-trip-sheets.pdf
AlleghenyWeekday102,102,Allegheny,1 of 2,3,Weekday,https://www4.septa.org/picking/pdf/fall-a-2026/allegheny/paddles/weekday-paddles.pdf#page=3,https://www4.septa.org/picking/pdf/fall-a-2026/allegheny/paddles/weekday-paddles#page=3.pdf,https://www4.septa.org/picking/pdf/fall-a-2026/allegheny/trip-sheets/weekday-trip-sheets.pdf
AlleghenyWeekday103,103,Allegheny,1 of 2,5,Weekday,https://www4.septa.org/picking/pdf/fall-a-2026/allegheny/paddles/weekday-paddles.pdf#page=5,https://www4.septa.org/picking/pdf/fall-a-2026/allegheny/paddles/weekday-paddles#page=5.pdf,https://www4.septa.org/picking/pdf/fall-a-2026/allegheny/trip-sheets/weekday-trip-sheets.pdf
AlleghenyWeekday104,104,Allegheny,1 of 2,7,Weekday,https://www4.septa.org/picking/pdf/fall-a-2026/allegheny/paddles/weekday-paddles.pdf#page=7,https://www4.septa.org/picking/pdf/fall-a-2026/allegheny/paddles/weekday-paddles#page=7.pdf,https://www4.septa.org/picking/pdf/fall-a-2026/allegheny/trip-sheets/weekday-trip-sheets.pdf
AlleghenyWeekday105,105,Allegheny,1 of 2,9,Weekday,https://www4.septa.org/picking/pdf/fall-a-2026/allegheny/paddles/weekday-paddles.pdf#page=9,https://www4.septa.org/picking/pdf/fall-a-2026/allegheny/paddles/weekday-paddles#page=9.pdf,https://www4.septa.org/picking/pdf/fall-a-2026/allegheny/trip-sheets/weekday-trip-sheets.pdf
AlleghenyWeekday106,106,Allegheny,1 of 2,11,Weekday,https://www4.septa.org/picking/pdf/fall-a-2026/allegheny/paddles/weekday-paddles.pdf#page=11,https://www4.septa.org/picking/pdf/fall-a-2026/allegheny/paddles/weekday-paddles#page=11.pdf,https://www4.septa.org/picking/pdf/fall-a-2026/allegheny/trip-sheets/weekday-trip-sheets.pdf
AlleghenyWeekday107,107,Allegheny,1 of 2,13,Weekday,https://www4.septa.org/picking/pdf/fall-a-2026/allegheny/paddles/weekday-paddles.pdf#page=13,https://www4.septa.org/picking/pdf/fall-a-2026/allegheny/paddles/weekday-paddles#page=13.pdf,https://www4.septa.org/picking/pdf/fall-a-2026/allegheny/trip-sheets/weekday-trip-sheets.pdf
AlleghenyWeekday108,108,Allegheny,1 of 1,15,Weekday,https://www4.septa.org/picking/pdf/fall-a-2026/allegheny/paddles/weekday-paddles.pdf#page=15,https://www4.septa.org/picking/pdf/fall-a-2026/allegheny/paddles/weekday-paddles#page=15.pdf,https://www4.septa.org/picking/pdf/fall-a-2026/allegheny/trip-sheets/weekday-trip-sheets.pdf
AlleghenyWeekday109,109,Allegheny,1 of 2,16,Weekday,https://www4.septa.org/picking/pdf/fall-a-2026/allegheny/paddles/weekday-paddles.pdf#page=16,https://www4.septa.org/picking/pdf/fall-a-2026/allegheny/paddles/weekday-paddles#page=16.pdf,https://www4.septa.org/picking/pdf/fall-a-2026/allegheny/trip-sheets/weekday-trip-sheets.pdf
AlleghenyWeekday110,110,Allegheny,1 of 1,18,Weekday,https://www4.septa.org/picking/pdf/fall-a-2026/allegheny/paddles/weekday-paddles.pdf#page=18,https://www4.septa.org/picking/pdf/fall-a-2026/allegheny/paddles/weekday-paddles#page=18.pdf,https://www4.septa.org/picking/pdf/fall-a-2026/allegheny/trip-sheets/weekday-trip-sheets.pdf
AlleghenyWeekday111,111,Allegheny,1 of 2,19,Weekday,https://www4.septa.org/picking/pdf/fall-a-2026/allegheny/paddles/weekday-paddles.pdf#page=19,https://www4.septa.org/picking/pdf/fall-a-2026/allegheny/paddles/weekday-paddles#page=19.pdf,https://www4.septa.org/picking/pdf/fall-a-2026/allegheny/trip-sheets/weekday-trip-sheets.pdf
AlleghenyWeekday112,112,Allegheny,1 of 2,21,Weekday,https://www4.septa.org/picking/pdf/fall-a-2026/allegheny/paddles/weekday-paddles.pdf#page=21,https://www4.septa.org/picking/pdf/fall-a-2026/allegheny/paddles/weekday-paddles#page=21.pdf,https://www4.septa.org/picking/pdf/fall-a-2026/allegheny/trip-sheets/weekday-trip-sheets.pdf
AlleghenyWeekday201,201,Allegheny,1 of 1,23,Weekday,https://www4.septa.org/picking/pdf/fall-a-2026/allegheny/paddles/weekday-paddles.pdf#page=23,https://www4.septa.org/picking/pdf/fall-a-2026/allegheny/paddles/weekday-paddles#page=23.pdf,https://www4.septa.org/picking/pdf/fall-a-2026/allegheny/trip-sheets/weekday-trip-sheets.pdf
AlleghenyWeekday202,202,Allegheny,1 of 1,24,Weekday,https://www4.septa.org/picking/pdf/fall-a-2026/allegheny/paddles/weekday-paddles.pdf#page=24,https://www4.septa.org/picking/pdf/fall-a-2026/allegheny/paddles/weekday-paddles#page=24.pdf,https://www4.septa.org/picking/pdf/fall-a-2026/allegheny/trip-sheets/weekday-trip-sheets.pdf
AlleghenyWeekday203,203,Allegheny,1 of 1,25,Weekday,https://www4.septa.org/picking/pdf/fall-a-2026/allegheny/paddles/weekday-paddles.pdf#page=25,https://www4.septa.org/picking/pdf/fall-a-2026/allegheny/paddles/weekday-paddles#page=25.pdf,https://www4.septa.org/picking/pdf/fall-a-2026/allegheny/trip-sheets/weekday-trip-sheets.pdf
AlleghenyWeekday204,204,Allegheny,1 of 1,26,Weekday,https://www4.septa.org/picking/pdf/fall-a-2026/allegheny/paddles/weekday-paddles.pdf#page=26,https://www4.septa.org/picking/pdf/fall-a-2026/allegheny/paddles/weekday-paddles#page=26.pdf,https://www4.septa.org/picking/pdf/fall-a-2026/allegheny/trip-sheets/weekday-trip-sheets.pdf
AlleghenyWeekday205,205,Allegheny,1 of 1,27,Weekday,https://www4.septa.org/picking/pdf/fall-a-2026/allegheny/paddles/weekday-paddles.pdf#page=27,https://www4.septa.org/picking/pdf/fall-a-2026/allegheny/paddles/weekday-paddles#page=27.pdf,https://www4.septa.org/picking/pdf/fall-a-2026/allegheny/trip-sheets/weekday-trip-sheets.pdf
AlleghenyWeekday206,206,Allegheny,1 of 2,28,Weekday,https://www4.septa.org/picking/pdf/fall-a-2026/allegheny/paddles/weekday-paddles.pdf#page=28,https://www4.septa.org/picking/pdf/fall-a-2026/allegheny/paddles/weekday-paddles#page=28.pdf,https://www4.septa.org/picking/pdf/fall-a-2026/allegheny/trip-sheets/weekday-trip-sheets.pdf
AlleghenyWeekday207,207,Allegheny,1 of 1,30,Weekday,https://www4.septa.org/picking/pdf/fall-a-2026/allegheny/paddles/weekday-paddles.pdf#page=30,https://www4.septa.org/picking/pdf/fall-a-2026/allegheny/paddles/weekday-paddles#page=30.pdf,https://www4.septa.org/picking/pdf/fall-a-2026/allegheny/trip-sheets/weekday-trip-sheets.pdf
AlleghenyWeekday208,208,Allegheny,1 of 1,31,Weekday,https://www4.septa.org/picking/pdf/fall-a-2026/allegheny/paddles/weekday-paddles.pdf#page=31,https://www4.septa.org/picking/pdf/fall-a-2026/allegheny/paddles/weekday-paddles#page=31.pdf,https://www4.septa.org/picking/pdf/fall-a-2026/allegheny/trip-sheets/weekday-trip-sheets.pdf
AlleghenyWeekday209,209,Allegheny,1 of 1,32,Weekday,https://www4.septa.org/picking/pdf/fall-a-2026/allegheny/paddles/weekday-paddles.pdf#page=32,https://www4.septa.org/picking/pdf/fall-a-2026/allegheny/paddles/weekday-paddles#page=32.pdf,https://www4.septa.org/picking/pdf/fall-a-2026/allegheny/trip-sheets/weekday-trip-sheets.pdf
AlleghenyWeekday210,210,Allegheny,1 of 1,33,Weekday,https://www4.septa.org/picking/pdf/fall-a-2026/allegheny/paddles/weekday-paddles.pdf#page=33,https://www4.septa.org/picking/pdf/fall-a-2026/allegheny/paddles/weekday-paddles#page=33.pdf,https://www4.septa.org/picking/pdf/fall-a-2026/allegheny/trip-sheets/weekday-trip-sheets.pdf
AlleghenyWeekday251,251,Allegheny,1 of 1,34,Weekday,https://www4.septa.org/picking/pdf/fall-a-2026/allegheny/paddles/weekday-paddles.pdf#page=34,https://www4.septa.org/picking/pdf/fall-a-2026/allegheny/paddles/weekday-paddles#page=34.pdf,https://www4.septa.org/picking/pdf/fall-a-2026/allegheny/trip-sheets/weekday-trip-sheets.pdf
AlleghenyWeekday252,252,Allegheny,1 of 1,35,Weekday,https://www4.septa.org/picking/pdf/fall-a-2026/allegheny/paddles/weekday-paddles.pdf#page=35,https://www4.septa.org/picking/pdf/fall-a-2026/allegheny/paddles/weekday-paddles#page=35.pdf,https://www4.septa.org/picking/pdf/fall-a-2026/allegheny/trip-sheets/weekday-trip-sheets.pdf
AlleghenyWeekday253,253,Allegheny,1 of 2,36,Weekday,https://www4.septa.org/picking/pdf/fall-a-2026/allegheny/paddles/weekday-paddles.pdf#page=36,https://www4.septa.org/picking/pdf/fall-a-2026/allegheny/paddles/weekday-paddles#page=36.pdf,https://www4.septa.org/picking/pdf/fall-a-2026/allegheny/trip-sheets/weekday-trip-sheets.pdf
AlleghenyWeekday254,254,Allegheny,1 of 2,38,Weekday,https://www4.septa.org/picking/pdf/fall-a-2026/allegheny/paddles/weekday-paddles.pdf#page=38,https://www4.septa.org/picking/pdf/fall-a-2026/allegheny/paddles/weekday-paddles#page=38.pdf,https://www4.septa.org/picking/pdf/fall-a-2026/allegheny/trip-sheets/weekday-trip-sheets.pdf
AlleghenyWeekday255,255,Allegheny,1 of 2,40,Weekday,https://www4.septa.org/picking/pdf/fall-a-2026/allegheny/paddles/weekday-paddles.pdf#page=40,https://www4.septa.org/picking/pdf/fall-a-2026/allegheny/paddles/weekday-paddles#page=40.pdf,https://www4.septa.org/picking/pdf/fall-a-2026/allegheny/trip-sheets/weekday-trip-sheets.pdf
AlleghenyWeekday256,256,Allegheny,1 of 2,42,Weekday,https://www4.septa.org/picking/pdf/fall-a-2026/allegheny/paddles/weekday-paddles.pdf#page=42,https://www4.septa.org/picking/pdf/fall-a-2026/allegheny/paddles/weekday-paddles#page=42.pdf,https://www4.septa.org/picking/pdf/fall-a-2026/allegheny/trip-sheets/weekday-trip-sheets.pdf
AlleghenyWeekday257,257,Allegheny,1 of 6,44,Weekday,https://www4.septa.org/picking/pdf/fall-a-2026/allegheny/paddles/weekday-paddles.pdf#page=44,https://www4.septa.org/picking/pdf/fall-a-2026/allegheny/paddles/weekday-paddles#page=44.pdf,https://www4.septa.org/picking/pdf/fall-a-2026/allegheny/trip-sheets/weekday-trip-sheets.pdf
AlleghenyWeekday258,258,Allegheny,1 of 2,50,Weekday,https://www4.septa.org/picking/pdf/fall-a-2026/allegheny/paddles/weekday-paddles.pdf#page=50,https://www4.septa.org/picking/pdf/fall-a-2026/allegheny/paddles/weekday-paddles#page=50.pdf,https://www4.septa.org/picking/pdf/fall-a-2026/allegheny/trip-sheets/weekday-trip-sheets.pdf
AlleghenyWeekday259,259,Allegheny,1 of 1,52,Weekday,https://www4.septa.org/picking/pdf/fall-a-2026/allegheny/paddles/weekday-paddles.pdf#page=52,https://www4.septa.org/picking/pdf/fall-a-2026/allegheny/paddles/weekday-paddles#page=52.pdf,https://www4.septa.org/picking/pdf/fall-a-2026/allegheny/trip-sheets/weekday-trip-sheets.pdf
AlleghenyWeekday260,260,Allegheny,1 of 2,53,Weekday,https://www4.septa.org/picking/pdf/fall-a-2026/allegheny/paddles/weekday-paddles.pdf#page=53,https://www4.septa.org/picking/pdf/fall-a-2026/allegheny/paddles/weekday-paddles#page=53.pdf,https://www4.septa.org/picking/pdf/fall-a-2026/allegheny/trip-sheets/weekday-trip-sheets.pdf
AlleghenyWeekday261,261,Allegheny,1 of 1,55,Weekday,https://www4.septa.org/picking/pdf/fall-a-2026/allegheny/paddles/weekday-paddles.pdf#page=55,https://www4.septa.org/picking/pdf/fall-a-2026/allegheny/paddles/weekday-paddles#page=55.pdf,https://www4.septa.org/picking/pdf/fall-a-2026/allegheny/trip-sheets/weekday-trip-sheets.pdf
AlleghenyWeekday262,262,Allegheny,1 of 2,56,Weekday,https://www4.septa.org/picking/pdf/fall-a-2026/allegheny/paddles/weekday-paddles.pdf#page=56,https://www4.septa.org/picking/pdf/fall-a-2026/allegheny/paddles/weekday-paddles#page=56.pdf,https://www4.septa.org/picking/pdf/fall-a-2026/allegheny/trip-sheets/weekday-trip-sheets.pdf
AlleghenyWeekday401,401,Allegheny,1 of 1,58,Weekday,https://www4.septa.org/picking/pdf/fall-a-2026/allegheny/paddles/weekday-paddles.pdf#page=58,https://www4.septa.org/picking/pdf/fall-a-2026/allegheny/paddles/weekday-paddles#page=58.pdf,https://www4.septa.org/picking/pdf/fall-a-2026/allegheny/trip-sheets/weekday-trip-sheets.pdf
AlleghenyWeekday402,402,Allegheny,1 of 3,59,Weekday,https://www4.septa.org/picking/pdf/fall-a-2026/allegheny/paddles/weekday-paddles.pdf#page=59,https://www4.septa.org/picking/pdf/fall-a-2026/allegheny/paddles/weekday-paddles#page=59.pdf,https://www4.septa.org/picking/pdf/fall-a-2026/allegheny/trip-sheets/weekday-trip-sheets.pdf
AlleghenyWeekday403,403,Allegheny,1 of 1,62,Weekday,https://www4.septa.org/picking/pdf/fall-a-2026/allegheny/paddles/weekday-paddles.pdf#page=62,https://www4.septa.org/picking/pdf/fall-a-2026/allegheny/paddles/weekday-paddles#page=62.pdf,https://www4.septa.org/picking/pdf/fall-a-2026/allegheny/trip-sheets/weekday-trip-sheets.pdf
AlleghenyWeekday404,404,Allegheny,1 of 1,63,Weekday,https://www4.septa.org/picking/pdf/fall-a-2026/allegheny/paddles/weekday-paddles.pdf#page=63,https://www4.septa.org/picking/pdf/fall-a-2026/allegheny/paddles/weekday-paddles#page=63.pdf,https://www4.septa.org/picking/pdf/fall-a-2026/allegheny/trip-sheets/weekday-trip-sheets.pdf
AlleghenyWeekday405,405,Allegheny,1 of 2,64,Weekday,https://www4.septa.org/picking/pdf/fall-a-2026/allegheny/paddles/weekday-paddles.pdf#page=64,https://www4.septa.org/picking/pdf/fall-a-2026/allegheny/paddles/weekday-paddles#page=64.pdf,https://www4.septa.org/picking/pdf/fall-a-2026/allegheny/trip-sheets/weekday-trip-sheets.pdf
AlleghenyWeekday406,406,Allegheny,1 of 1,66,Weekday,https://www4.septa.org/picking/pdf/fall-a-2026/allegheny/paddles/weekday-paddles.pdf#page=66,https://www4.septa.org/picking/pdf/fall-a-2026/allegheny/paddles/weekday-paddles#page=66.pdf,https://www4.septa.org/picking/pdf/fall-a-2026/allegheny/trip-sheets/weekday-trip-sheets.pdf
AlleghenyWeekday407,407,Allegheny,1 of 1,67,Weekday,https://www4.septa.org/picking/pdf/fall-a-2026/allegheny/paddles/weekday-paddles.pdf#page=67,https://www4.septa.org/picking/pdf/fall-a-2026/allegheny/paddles/weekday-paddles#page=67.pdf,https://www4.septa.org/picking/pdf/fall-a-2026/allegheny/trip-sheets/weekday-trip-sheets.pdf
AlleghenyWeekday408,408,Allegheny,1 of 1,68,Weekday,https://www4.septa.org/picking/pdf/fall-a-2026/allegheny/paddles/weekday-paddles.pdf#page=68,https://www4.septa.org/picking/pdf/fall-a-2026/allegheny/paddles/weekday-paddles#page=68.pdf,https://www4.septa.org/picking/pdf/fall-a-2026/allegheny/trip-sheets/weekday-trip-sheets.pdf
AlleghenyWeekday409,409,Allegheny,1 of 1,69,Weekday,https://www4.septa.org/picking/pdf/fall-a-2026/allegheny/paddles/weekday-paddles.pdf#page=69,https://www4.septa.org/picking/pdf/fall-a-2026/allegheny/paddles/weekday-paddles#page=69.pdf,https://www4.septa.org/picking/pdf/fall-a-2026/allegheny/trip-sheets/weekday-trip-sheets.pdf
AlleghenyWeekday410,410,Allegheny,1 of 2,70,Weekday,https://www4.septa.org/picking/pdf/fall-a-2026/allegheny/paddles/weekday-paddles.pdf#page=70,https://www4.septa.org/picking/pdf/fall-a-2026/allegheny/paddles/weekday-paddles#page=70.pdf,https://www4.septa.org/picking/pdf/fall-a-2026/allegheny/trip-sheets/weekday-trip-sheets.pdf
AlleghenyWeekday411,411,Allegheny,1 of 1,72,Weekday,https://www4.septa.org/picking/pdf/fall-a-2026/allegheny/paddles/weekday-paddles.pdf#page=72,https://www4.septa.org/picking/pdf/fall-a-2026/allegheny/paddles/weekday-paddles#page=72.pdf,https://www4.septa.org/picking/pdf/fall-a-2026/allegheny/trip-sheets/weekday-trip-sheets.pdf
AlleghenyWeekday412,412,Allegheny,1 of 1,73,Weekday,https://www4.septa.org/picking/pdf/fall-a-2026/allegheny/paddles/weekday-paddles.pdf#page=73,https://www4.septa.org/picking/pdf/fall-a-2026/allegheny/paddles/weekday-paddles#page=73.pdf,https://www4.septa.org/picking/pdf/fall-a-2026/allegheny/trip-sheets/weekday-trip-sheets.pdf
AlleghenyWeekday413,413,Allegheny,1 of 2,74,Weekday,https://www4.septa.org/picking/pdf/fall-a-2026/allegheny/paddles/weekday-paddles.pdf#page=74,https://www4.septa.org/picking/pdf/fall-a-2026/allegheny/paddles/weekday-paddles#page=74.pdf,https://www4.septa.org/picking/pdf/fall-a-2026/allegheny/trip-sheets/weekday-trip-sheets.pdf
AlleghenyWeekday414,414,Allegheny,1 of 1,76,Weekday,https://www4.septa.org/picking/pdf/fall-a-2026/allegheny/paddles/weekday-paddles.pdf#page=76,https://www4.septa.org/picking/pdf/fall-a-2026/allegheny/paddles/weekday-paddles#page=76.pdf,https://www4.septa.org/picking/pdf/fall-a-2026/allegheny/trip-sheets/weekday-trip-sheets.pdf
AlleghenyWeekday415,415,Allegheny,1 of 1,77,Weekday,https://www4.septa.org/picking/pdf/fall-a-2026/allegheny/paddles/weekday-paddles.pdf#page=77,https://www4.septa.org/picking/pdf/fall-a-2026/allegheny/paddles/weekday-paddles#page=77.pdf,https://www4.septa.org/picking/pdf/fall-a-2026/allegheny/trip-sheets/weekday-trip-sheets.pdf
AlleghenyWeekday501,501,Allegheny,1 of 1,78,Weekday,https://www4.septa.org/picking/pdf/fall-a-2026/allegheny/paddles/weekday-paddles.pdf#page=78,https://www4.septa.org/picking/pdf/fall-a-2026/allegheny/paddles/weekday-paddles#page=78.pdf,https://www4.septa.org/picking/pdf/fall-a-2026/allegheny/trip-sheets/weekday-trip-sheets.pdf
AlleghenyWeekday502,502,Allegheny,1 of 2,79,Weekday,https://www4.septa.org/picking/pdf/fall-a-2026/allegheny/paddles/weekday-paddles.pdf#page=79,https://www4.septa.org/picking/pdf/fall-a-2026/allegheny/paddles/weekday-paddles#page=79.pdf,https://www4.septa.org/picking/pdf/fall-a-2026/allegheny/trip-sheets/weekday-trip-sheets.pdf
AlleghenyWeekday503,503,Allegheny,1 of 2,81,Weekday,https://www4.septa.org/picking/pdf/fall-a-2026/allegheny/paddles/weekday-paddles.pdf#page=81,https://www4.septa.org/picking/pdf/fall-a-2026/allegheny/paddles/weekday-paddles#page=81.pdf,https://www4.septa.org/picking/pdf/fall-a-2026/allegheny/trip-sheets/weekday-trip-sheets.pdf
AlleghenyWeekday504,504,Allegheny,1 of 1,83,Weekday,https://www4.septa.org/picking/pdf/fall-a-2026/allegheny/paddles/weekday-paddles.pdf#page=83,https://www4.septa.org/picking/pdf/fall-a-2026/allegheny/paddles/weekday-paddles#page=83.pdf,https://www4.septa.org/picking/pdf/fall-a-2026/allegheny/trip-sheets/weekday-trip-sheets.pdf
AlleghenyWeekday505,505,Allegheny,1 of 1,84,Weekday,https://www4.septa.org/picking/pdf/fall-a-2026/allegheny/paddles/weekday-paddles.pdf#page=84,https://www4.septa.org/picking/pdf/fall-a-2026/allegheny/paddles/weekday-paddles#page=84.pdf,https://www4.septa.org/picking/pdf/fall-a-2026/allegheny/trip-sheets/weekday-trip-sheets.pdf
AlleghenyWeekday506,506,Allegheny,1 of 1,85,Weekday,https://www4.septa.org/picking/pdf/fall-a-2026/allegheny/paddles/weekday-paddles.pdf#page=85,https://www4.septa.org/picking/pdf/fall-a-2026/allegheny/paddles/weekday-paddles#page=85.pdf,https://www4.septa.org/picking/pdf/fall-a-2026/allegheny/trip-sheets/weekday-trip-sheets.pdf
AlleghenyWeekday507,507,Allegheny,1 of 1,86,Weekday,https://www4.septa.org/picking/pdf/fall-a-2026/allegheny/paddles/weekday-paddles.pdf#page=86,https://www4.septa.org/picking/pdf/fall-a-2026/allegheny/paddles/weekday-paddles#page=86.pdf,https://www4.septa.org/picking/pdf/fall-a-2026/allegheny/trip-sheets/weekday-trip-sheets.pdf
AlleghenyWeekday508,508,Allegheny,1 of 1,87,Weekday,https://www4.septa.org/picking/pdf/fall-a-2026/allegheny/paddles/weekday-paddles.pdf#page=87,https://www4.septa.org/picking/pdf/fall-a-2026/allegheny/paddles/weekday-paddles#page=87.pdf,https://www4.septa.org/picking/pdf/fall-a-2026/allegheny/trip-sheets/weekday-trip-sheets.pdf
AlleghenyWeekday509,509,Allegheny,1 of 2,88,Weekday,https://www4.septa.org/picking/pdf/fall-a-2026/allegheny/paddles/weekday-paddles.pdf#page=88,https://www4.septa.org/picking/pdf/fall-a-2026/allegheny/paddles/weekday-paddles#page=88.pdf,https://www4.septa.org/picking/pdf/fall-a-2026/allegheny/trip-sheets/weekday-trip-sheets.pdf
AlleghenyWeekday510,510,Allegheny,1 of 2,90,Weekday,https://www4.septa.org/picking/pdf/fall-a-2026/allegheny/paddles/weekday-paddles.pdf#page=90,https://www4.septa.org/picking/pdf/fall-a-2026/allegheny/paddles/weekday-paddles#page=90.pdf,https://www4.septa.org/picking/pdf/fall-a-2026/allegheny/trip-sheets/weekday-trip-sheets.pdf
AlleghenyWeekday511,511,Allegheny,1 of 2,92,Weekday,https://www4.septa.org/picking/pdf/fall-a-2026/allegheny/paddles/weekday-paddles.pdf#page=92,https://www4.septa.org/picking/pdf/fall-a-2026/allegheny/paddles/weekday-paddles#page=92.pdf,https://www4.septa.org/picking/pdf/fall-a-2026/allegheny/trip-sheets/weekday-trip-sheets.pdf
AlleghenyWeekday512,512,Allegheny,1 of 2,94,Weekday,https://www4.septa.org/picking/pdf/fall-a-2026/allegheny/paddles/weekday-paddles.pdf#page=94,https://www4.septa.org/picking/pdf/fall-a-2026/allegheny/paddles/weekday-paddles#page=94.pdf,https://www4.septa.org/picking/pdf/fall-a-2026/allegheny/trip-sheets/weekday-trip-sheets.pdf
AlleghenyWeekday513,513,Allegheny,1 of 2,96,Weekday,https://www4.septa.org/picking/pdf/fall-a-2026/allegheny/paddles/weekday-paddles.pdf#page=96,https://www4.septa.org/picking/pdf/fall-a-2026/allegheny/paddles/weekday-paddles#page=96.pdf,https://www4.septa.org/picking/pdf/fall-a-2026/allegheny/trip-sheets/weekday-trip-sheets.pdf
AlleghenyWeekday514,514,Allegheny,1 of 2,98,Weekday,https://www4.septa.org/picking/pdf/fall-a-2026/allegheny/paddles/weekday-paddles.pdf#page=98,https://www4.septa.org/picking/pdf/fall-a-2026/allegheny/paddles/weekday-paddles#page=98.pdf,https://www4.septa.org/picking/pdf/fall-a-2026/allegheny/trip-sheets/weekday-trip-sheets.pdf
AlleghenyWeekday515,515,Allegheny,1 of 2,100,Weekday,https://www4.septa.org/picking/pdf/fall-a-2026/allegheny/paddles/weekday-paddles.pdf#page=100,https://www4.septa.org/picking/pdf/fall-a-2026/allegheny/paddles/weekday-paddles#page=100.pdf,https://www4.septa.org/picking/pdf/fall-a-2026/allegheny/trip-sheets/weekday-trip-sheets.pdf
AlleghenyWeekday516,516,Allegheny,1 of 2,102,Weekday,https://www4.septa.org/picking/pdf/fall-a-2026/allegheny/paddles/weekday-paddles.pdf#page=102,https://www4.septa.org/picking/pdf/fall-a-2026/allegheny/paddles/weekday-paddles#page=102.pdf,https://www4.septa.org/picking/pdf/fall-a-2026/allegheny/trip-sheets/weekday-trip-sheets.pdf
AlleghenyWeekday517,517,Allegheny,1 of 2,104,Weekday,https://www4.septa.org/picking/pdf/fall-a-2026/allegheny/paddles/weekday-paddles.pdf#page=104,https://www4.septa.org/picking/pdf/fall-a-2026/allegheny/paddles/weekday-paddles#page=104.pdf,https://www4.septa.org/picking/pdf/fall-a-2026/allegheny/trip-sheets/weekday-trip-sheets.pdf
AlleghenyWeekday518,518,Allegheny,1 of 2,106,Weekday,https://www4.septa.org/picking/pdf/fall-a-2026/allegheny/paddles/weekday-paddles.pdf#page=106,https://www4.septa.org/picking/pdf/fall-a-2026/allegheny/paddles/weekday-paddles#page=106.pdf,https://www4.septa.org/picking/pdf/fall-a-2026/allegheny/trip-sheets/weekday-trip-sheets.pdf
AlleghenyWeekday519,519,Allegheny,1 of 4,108,Weekday,https://www4.septa.org/picking/pdf/fall-a-2026/allegheny/paddles/weekday-paddles.pdf#page=108,https://www4.septa.org/picking/pdf/fall-a-2026/allegheny/paddles/weekday-paddles#page=108.pdf,https://www4.septa.org/picking/pdf/fall-a-2026/allegheny/trip-sheets/weekday-trip-sheets.pdf
AlleghenyWeekday651,651,Allegheny,1 of 2,112,Weekday,https://www4.septa.org/picking/pdf/fall-a-2026/allegheny/paddles/weekday-paddles.pdf#page=112,https://www4.septa.org/picking/pdf/fall-a-2026/allegheny/paddles/weekday-paddles#page=112.pdf,https://www4.septa.org/picking/pdf/fall-a-2026/allegheny/trip-sheets/weekday-trip-sheets.pdf
AlleghenyWeekday652,652,Allegheny,1 of 2,114,Weekday,https://www4.septa.org/picking/pdf/fall-a-2026/allegheny/paddles/weekday-paddles.pdf#page=114,https://www4.septa.org/picking/pdf/fall-a-2026/allegheny/paddles/weekday-paddles#page=114.pdf,https://www4.septa.org/picking/pdf/fall-a-2026/allegheny/trip-sheets/weekday-trip-sheets.pdf
AlleghenyWeekday653,653,Allegheny,1 of 2,116,Weekday,https://www4.septa.org/picking/pdf/fall-a-2026/allegheny/paddles/weekday-paddles.pdf#page=116,https://www4.septa.org/picking/pdf/fall-a-2026/allegheny/paddles/weekday-paddles#page=116.pdf,https://www4.septa.org/picking/pdf/fall-a-2026/allegheny/trip-sheets/weekday-trip-sheets.pdf
AlleghenyWeekday654,654,Allegheny,1 of 2,118,Weekday,https://www4.septa.org/picking/pdf/fall-a-2026/allegheny/paddles/weekday-paddles.pdf#page=118,https://www4.septa.org/picking/pdf/fall-a-2026/allegheny/paddles/weekday-paddles#page=118.pdf,https://www4.septa.org/picking/pdf/fall-a-2026/allegheny/trip-sheets/weekday-trip-sheets.pdf
AlleghenyWeekday655,655,Allegheny,1 of 1,120,Weekday,https://www4.septa.org/picking/pdf/fall-a-2026/allegheny/paddles/weekday-paddles.pdf#page=120,https://www4.septa.org/picking/pdf/fall-a-2026/allegheny/paddles/weekday-paddles#page=120.pdf,https://www4.septa.org/picking/pdf/fall-a-2026/allegheny/trip-sheets/weekday-trip-sheets.pdf
AlleghenyWeekday656,656,Allegheny,1 of 2,121,Weekday,https://www4.septa.org/picking/pdf/fall-a-2026/allegheny/paddles/weekday-paddles.pdf#page=121,https://www4.septa.org/picking/pdf/fall-a-2026/allegheny/paddles/weekday-paddles#page=121.pdf,https://www4.septa.org/picking/pdf/fall-a-2026/allegheny/trip-sheets/weekday-trip-sheets.pdf
AlleghenyWeekday657,657,Allegheny,1 of 1,123,Weekday,https://www4.septa.org/picking/pdf/fall-a-2026/allegheny/paddles/weekday-paddles.pdf#page=123,https://www4.septa.org/picking/pdf/fall-a-2026/allegheny/paddles/weekday-paddles#page=123.pdf,https://www4.septa.org/picking/pdf/fall-a-2026/allegheny/trip-sheets/weekday-trip-sheets.pdf
AlleghenyWeekday658,658,Allegheny,1 of 2,124,Weekday,https://www4.septa.org/picking/pdf/fall-a-2026/allegheny/paddles/weekday-paddles.pdf#page=124,https://www4.septa.org/picking/pdf/fall-a-2026/allegheny/paddles/weekday-paddles#page=124.pdf,https://www4.septa.org/picking/pdf/fall-a-2026/allegheny/trip-sheets/weekday-trip-sheets.pdf
AlleghenyWeekday659,659,Allegheny,1 of 4,126,Weekday,https://www4.septa.org/picking/pdf/fall-a-2026/allegheny/paddles/weekday-paddles.pdf#page=126,https://www4.septa.org/picking/pdf/fall-a-2026/allegheny/paddles/weekday-paddles#page=126.pdf,https://www4.septa.org/picking/pdf/fall-a-2026/allegheny/trip-sheets/weekday-trip-sheets.pdf
AlleghenyWeekday660,660,Allegheny,1 of 2,130,Weekday,https://www4.septa.org/picking/pdf/fall-a-2026/allegheny/paddles/weekday-paddles.pdf#page=130,https://www4.septa.org/picking/pdf/fall-a-2026/allegheny/paddles/weekday-paddles#page=130.pdf,https://www4.septa.org/picking/pdf/fall-a-2026/allegheny/trip-sheets/weekday-trip-sheets.pdf
AlleghenyWeekday661,661,Allegheny,1 of 2,132,Weekday,https://www4.septa.org/picking/pdf/fall-a-2026/allegheny/paddles/weekday-paddles.pdf#page=132,https://www4.septa.org/picking/pdf/fall-a-2026/allegheny/paddles/weekday-paddles#page=132.pdf,https://www4.septa.org/picking/pdf/fall-a-2026/allegheny/trip-sheets/weekday-trip-sheets.pdf
AlleghenyWeekday662,662,Allegheny,1 of 2,134,Weekday,https://www4.septa.org/picking/pdf/fall-a-2026/allegheny/paddles/weekday-paddles.pdf#page=134,https://www4.septa.org/picking/pdf/fall-a-2026/allegheny/paddles/weekday-paddles#page=134.pdf,https://www4.septa.org/picking/pdf/fall-a-2026/allegheny/trip-sheets/weekday-trip-sheets.pdf
AlleghenyWeekday663,663,Allegheny,1 of 3,136,Weekday,https://www4.septa.org/picking/pdf/fall-a-2026/allegheny/paddles/weekday-paddles.pdf#page=136,https://www4.septa.org/picking/pdf/fall-a-2026/allegheny/paddles/weekday-paddles#page=136.pdf,https://www4.septa.org/picking/pdf/fall-a-2026/allegheny/trip-sheets/weekday-trip-sheets.pdf
AlleghenyWeekday664,664,Allegheny,1 of 2,139,Weekday,https://www4.septa.org/picking/pdf/fall-a-2026/allegheny/paddles/weekday-paddles.pdf#page=139,https://www4.septa.org/picking/pdf/fall-a-2026/allegheny/paddles/weekday-paddles#page=139.pdf,https://www4.septa.org/picking/pdf/fall-a-2026/allegheny/trip-sheets/weekday-trip-sheets.pdf
AlleghenyWeekday665,665,Allegheny,1 of 2,141,Weekday,https://www4.septa.org/picking/pdf/fall-a-2026/allegheny/paddles/weekday-paddles.pdf#page=141,https://www4.septa.org/picking/pdf/fall-a-2026/allegheny/paddles/weekday-paddles#page=141.pdf,https://www4.septa.org/picking/pdf/fall-a-2026/allegheny/trip-sheets/weekday-trip-sheets.pdf
AlleghenyWeekday666,666,Allegheny,1 of 1,143,Weekday,https://www4.septa.org/picking/pdf/fall-a-2026/allegheny/paddles/weekday-paddles.pdf#page=143,https://www4.septa.org/picking/pdf/fall-a-2026/allegheny/paddles/weekday-paddles#page=143.pdf,https://www4.septa.org/picking/pdf/fall-a-2026/allegheny/trip-sheets/weekday-trip-sheets.pdf
AlleghenyWeekday667,667,Allegheny,1 of 1,144,Weekday,https://www4.septa.org/picking/pdf/fall-a-2026/allegheny/paddles/weekday-paddles.pdf#page=144,https://www4.septa.org/picking/pdf/fall-a-2026/allegheny/paddles/weekday-paddles#page=144.pdf,https://www4.septa.org/picking/pdf/fall-a-2026/allegheny/trip-sheets/weekday-trip-sheets.pdf
AlleghenyWeekday668,668,Allegheny,1 of 1,145,Weekday,https://www4.septa.org/picking/pdf/fall-a-2026/allegheny/paddles/weekday-paddles.pdf#page=145,https://www4.septa.org/picking/pdf/fall-a-2026/allegheny/paddles/weekday-paddles#page=145.pdf,https://www4.septa.org/picking/pdf/fall-a-2026/allegheny/trip-sheets/weekday-trip-sheets.pdf
AlleghenyWeekday669,669,Allegheny,1 of 2,146,Weekday,https://www4.septa.org/picking/pdf/fall-a-2026/allegheny/paddles/weekday-paddles.pdf#page=146,https://www4.septa.org/picking/pdf/fall-a-2026/allegheny/paddles/weekday-paddles#page=146.pdf,https://www4.septa.org/picking/pdf/fall-a-2026/allegheny/trip-sheets/weekday-trip-sheets.pdf
AlleghenyWeekday670,670,Allegheny,1 of 2,148,Weekday,https://www4.septa.org/picking/pdf/fall-a-2026/allegheny/paddles/weekday-paddles.pdf#page=148,https://www4.septa.org/picking/pdf/fall-a-2026/allegheny/paddles/weekday-paddles#page=148.pdf,https://www4.septa.org/picking/pdf/fall-a-2026/allegheny/trip-sheets/weekday-trip-sheets.pdf
AlleghenyWeekday671,671,Allegheny,1 of 2,150,Weekday,https://www4.septa.org/picking/pdf/fall-a-2026/allegheny/paddles/weekday-paddles.pdf#page=150,https://www4.septa.org/picking/pdf/fall-a-2026/allegheny/paddles/weekday-paddles#page=150.pdf,https://www4.septa.org/picking/pdf/fall-a-2026/allegheny/trip-sheets/weekday-trip-sheets.pdf
AlleghenyWeekday801,801,Allegheny,1 of 2,152,Weekday,https://www4.septa.org/picking/pdf/fall-a-2026/allegheny/paddles/weekday-paddles.pdf#page=152,https://www4.septa.org/picking/pdf/fall-a-2026/allegheny/paddles/weekday-paddles#page=152.pdf,https://www4.septa.org/picking/pdf/fall-a-2026/allegheny/trip-sheets/weekday-trip-sheets.pdf
AlleghenyWeekday802,802,Allegheny,1 of 2,154,Weekday,https://www4.septa.org/picking/pdf/fall-a-2026/allegheny/paddles/weekday-paddles.pdf#page=154,https://www4.septa.org/picking/pdf/fall-a-2026/allegheny/paddles/weekday-paddles#page=154.pdf,https://www4.septa.org/picking/pdf/fall-a-2026/allegheny/trip-sheets/weekday-trip-sheets.pdf
AlleghenyWeekday803,803,Allegheny,1 of 1,156,Weekday,https://www4.septa.org/picking/pdf/fall-a-2026/allegheny/paddles/weekday-paddles.pdf#page=156,https://www4.septa.org/picking/pdf/fall-a-2026/allegheny/paddles/weekday-paddles#page=156.pdf,https://www4.septa.org/picking/pdf/fall-a-2026/allegheny/trip-sheets/weekday-trip-sheets.pdf
AlleghenyWeekday804,804,Allegheny,1 of 2,157,Weekday,https://www4.septa.org/picking/pdf/fall-a-2026/allegheny/paddles/weekday-paddles.pdf#page=157,https://www4.septa.org/picking/pdf/fall-a-2026/allegheny/paddles/weekday-paddles#page=157.pdf,https://www4.septa.org/picking/pdf/fall-a-2026/allegheny/trip-sheets/weekday-trip-sheets.pdf
AlleghenyWeekday805,805,Allegheny,1 of 2,159,Weekday,https://www4.septa.org/picking/pdf/fall-a-2026/allegheny/paddles/weekday-paddles.pdf#page=159,https://www4.septa.org/picking/pdf/fall-a-2026/allegheny/paddles/weekday-paddles#page=159.pdf,https://www4.septa.org/picking/pdf/fall-a-2026/allegheny/trip-sheets/weekday-trip-sheets.pdf
AlleghenyWeekday806,806,Allegheny,1 of 2,161,Weekday,https://www4.septa.org/picking/pdf/fall-a-2026/allegheny/paddles/weekday-paddles.pdf#page=161,https://www4.septa.org/picking/pdf/fall-a-2026/allegheny/paddles/weekday-paddles#page=161.pdf,https://www4.septa.org/picking/pdf/fall-a-2026/allegheny/trip-sheets/weekday-trip-sheets.pdf
AlleghenyWeekday807,807,Allegheny,1 of 2,163,Weekday,https://www4.septa.org/picking/pdf/fall-a-2026/allegheny/paddles/weekday-paddles.pdf#page=163,https://www4.septa.org/picking/pdf/fall-a-2026/allegheny/paddles/weekday-paddles#page=163.pdf,https://www4.septa.org/picking/pdf/fall-a-2026/allegheny/trip-sheets/weekday-trip-sheets.pdf
AlleghenyWeekday808,808,Allegheny,1 of 2,165,Weekday,https://www4.septa.org/picking/pdf/fall-a-2026/allegheny/paddles/weekday-paddles.pdf#page=165,https://www4.septa.org/picking/pdf/fall-a-2026/allegheny/paddles/weekday-paddles#page=165.pdf,https://www4.septa.org/picking/pdf/fall-a-2026/allegheny/trip-sheets/weekday-trip-sheets.pdf
AlleghenyWeekday809,809,Allegheny,1 of 1,167,Weekday,https://www4.septa.org/picking/pdf/fall-a-2026/allegheny/paddles/weekday-paddles.pdf#page=167,https://www4.septa.org/picking/pdf/fall-a-2026/allegheny/paddles/weekday-paddles#page=167.pdf,https://www4.septa.org/picking/pdf/fall-a-2026/allegheny/trip-sheets/weekday-trip-sheets.pdf
AlleghenyWeekday810,810,Allegheny,1 of 2,168,Weekday,https://www4.septa.org/picking/pdf/fall-a-2026/allegheny/paddles/weekday-paddles.pdf#page=168,https://www4.septa.org/picking/pdf/fall-a-2026/allegheny/paddles/weekday-paddles#page=168.pdf,https://www4.septa.org/picking/pdf/fall-a-2026/allegheny/trip-sheets/weekday-trip-sheets.pdf
AlleghenyWeekday811,811,Allegheny,1 of 2,170,Weekday,https://www4.septa.org/picking/pdf/fall-a-2026/allegheny/paddles/weekday-paddles.pdf#page=170,https://www4.septa.org/picking/pdf/fall-a-2026/allegheny/paddles/weekday-paddles#page=170.pdf,https://www4.septa.org/picking/pdf/fall-a-2026/allegheny/trip-sheets/weekday-trip-sheets.pdf
AlleghenyWeekday812,812,Allegheny,1 of 2,172,Weekday,https://www4.septa.org/picking/pdf/fall-a-2026/allegheny/paddles/weekday-paddles.pdf#page=172,https://www4.septa.org/picking/pdf/fall-a-2026/allegheny/paddles/weekday-paddles#page=172.pdf,https://www4.septa.org/picking/pdf/fall-a-2026/allegheny/trip-sheets/weekday-trip-sheets.pdf
AlleghenyWeekday951,951,Allegheny,1 of 2,174,Weekday,https://www4.septa.org/picking/pdf/fall-a-2026/allegheny/paddles/weekday-paddles.pdf#page=174,https://www4.septa.org/picking/pdf/fall-a-2026/allegheny/paddles/weekday-paddles#page=174.pdf,https://www4.septa.org/picking/pdf/fall-a-2026/allegheny/trip-sheets/weekday-trip-sheets.pdf
AlleghenyWeekday952,952,Allegheny,1 of 2,176,Weekday,https://www4.septa.org/picking/pdf/fall-a-2026/allegheny/paddles/weekday-paddles.pdf#page=176,https://www4.septa.org/picking/pdf/fall-a-2026/allegheny/paddles/weekday-paddles#page=176.pdf,https://www4.septa.org/picking/pdf/fall-a-2026/allegheny/trip-sheets/weekday-trip-sheets.pdf
AlleghenyWeekday953,953,Allegheny,1 of 4,178,Weekday,https://www4.septa.org/picking/pdf/fall-a-2026/allegheny/paddles/weekday-paddles.pdf#page=178,https://www4.septa.org/picking/pdf/fall-a-2026/allegheny/paddles/weekday-paddles#page=178.pdf,https://www4.septa.org/picking/pdf/fall-a-2026/allegheny/trip-sheets/weekday-trip-sheets.pdf
AlleghenyWeekday954,954,Allegheny,1 of 3,182,Weekday,https://www4.septa.org/picking/pdf/fall-a-2026/allegheny/paddles/weekday-paddles.pdf#page=182,https://www4.septa.org/picking/pdf/fall-a-2026/allegheny/paddles/weekday-paddles#page=182.pdf,https://www4.septa.org/picking/pdf/fall-a-2026/allegheny/trip-sheets/weekday-trip-sheets.pdf
AlleghenyWeekday955,955,Allegheny,1 of 2,185,Weekday,https://www4.septa.org/picking/pdf/fall-a-2026/allegheny/paddles/weekday-paddles.pdf#page=185,https://www4.septa.org/picking/pdf/fall-a-2026/allegheny/paddles/weekday-paddles#page=185.pdf,https://www4.septa.org/picking/pdf/fall-a-2026/allegheny/trip-sheets/weekday-trip-sheets.pdf
AlleghenyWeekday956,956,Allegheny,1 of 2,187,Weekday,https://www4.septa.org/picking/pdf/fall-a-2026/allegheny/paddles/weekday-paddles.pdf#page=187,https://www4.septa.org/picking/pdf/fall-a-2026/allegheny/paddles/weekday-paddles#page=187.pdf,https://www4.septa.org/picking/pdf/fall-a-2026/allegheny/trip-sheets/weekday-trip-sheets.pdf
AlleghenyWeekday957,957,Allegheny,1 of 3,189,Weekday,https://www4.septa.org/picking/pdf/fall-a-2026/allegheny/paddles/weekday-paddles.pdf#page=189,https://www4.septa.org/picking/pdf/fall-a-2026/allegheny/paddles/weekday-paddles#page=189.pdf,https://www4.septa.org/picking/pdf/fall-a-2026/allegheny/trip-sheets/weekday-trip-sheets.pdf
AlleghenyWeekday958,958,Allegheny,1 of 3,192,Weekday,https://www4.septa.org/picking/pdf/fall-a-2026/allegheny/paddles/weekday-paddles.pdf#page=192,https://www4.septa.org/picking/pdf/fall-a-2026/allegheny/paddles/weekday-paddles#page=192.pdf,https://www4.septa.org/picking/pdf/fall-a-2026/allegheny/trip-sheets/weekday-trip-sheets.pdf
AlleghenyWeekday959,959,Allegheny,1 of 3,195,Weekday,https://www4.septa.org/picking/pdf/fall-a-2026/allegheny/paddles/weekday-paddles.pdf#page=195,https://www4.septa.org/picking/pdf/fall-a-2026/allegheny/paddles/weekday-paddles#page=195.pdf,https://www4.septa.org/picking/pdf/fall-a-2026/allegheny/trip-sheets/weekday-trip-sheets.pdf
AlleghenyWeekday960,960,Allegheny,1 of 3,198,Weekday,https://www4.septa.org/picking/pdf/fall-a-2026/allegheny/paddles/weekday-paddles.pdf#page=198,https://www4.septa.org/picking/pdf/fall-a-2026/allegheny/paddles/weekday-paddles#page=198.pdf,https://www4.septa.org/picking/pdf/fall-a-2026/allegheny/trip-sheets/weekday-trip-sheets.pdf
AlleghenyWeekday961,961,Allegheny,1 of 2,201,Weekday,https://www4.septa.org/picking/pdf/fall-a-2026/allegheny/paddles/weekday-paddles.pdf#page=201,https://www4.septa.org/picking/pdf/fall-a-2026/allegheny/paddles/weekday-paddles#page=201.pdf,https://www4.septa.org/picking/pdf/fall-a-2026/allegheny/trip-sheets/weekday-trip-sheets.pdf
AlleghenyWeekday962,962,Allegheny,1 of 3,203,Weekday,https://www4.septa.org/picking/pdf/fall-a-2026/allegheny/paddles/weekday-paddles.pdf#page=203,https://www4.septa.org/picking/pdf/fall-a-2026/allegheny/paddles/weekday-paddles#page=203.pdf,https://www4.septa.org/picking/pdf/fall-a-2026/allegheny/trip-sheets/weekday-trip-sheets.pdf
AlleghenyWeekday963,963,Allegheny,1 of 3,206,Weekday,https://www4.septa.org/picking/pdf/fall-a-2026/allegheny/paddles/weekday-paddles.pdf#page=206,https://www4.septa.org/picking/pdf/fall-a-2026/allegheny/paddles/weekday-paddles#page=206.pdf,https://www4.septa.org/picking/pdf/fall-a-2026/allegheny/trip-sheets/weekday-trip-sheets.pdf
AlleghenyWeekday964,964,Allegheny,1 of 3,209,Weekday,https://www4.septa.org/picking/pdf/fall-a-2026/allegheny/paddles/weekday-paddles.pdf#page=209,https://www4.septa.org/picking/pdf/fall-a-2026/allegheny/paddles/weekday-paddles#page=209.pdf,https://www4.septa.org/picking/pdf/fall-a-2026/allegheny/trip-sheets/weekday-trip-sheets.pdf
AlleghenyWeekday965,965,Allegheny,1 of 3,212,Weekday,https://www4.septa.org/picking/pdf/fall-a-2026/allegheny/paddles/weekday-paddles.pdf#page=212,https://www4.septa.org/picking/pdf/fall-a-2026/allegheny/paddles/weekday-paddles#page=212.pdf,https://www4.septa.org/picking/pdf/fall-a-2026/allegheny/trip-sheets/weekday-trip-sheets.pdf
AlleghenyWeekday966,966,Allegheny,1 of 3,215,Weekday,https://www4.septa.org/picking/pdf/fall-a-2026/allegheny/paddles/weekday-paddles.pdf#page=215,https://www4.septa.org/picking/pdf/fall-a-2026/allegheny/paddles/weekday-paddles#page=215.pdf,https://www4.septa.org/picking/pdf/fall-a-2026/allegheny/trip-sheets/weekday-trip-sheets.pdf
AlleghenyWeekday967,967,Allegheny,1 of 3,218,Weekday,https://www4.septa.org/picking/pdf/fall-a-2026/allegheny/paddles/weekday-paddles.pdf#page=218,https://www4.septa.org/picking/pdf/fall-a-2026/allegheny/paddles/weekday-paddles#page=218.pdf,https://www4.septa.org/picking/pdf/fall-a-2026/allegheny/trip-sheets/weekday-trip-sheets.pdf
AlleghenyWeekday968,968,Allegheny,1 of 2,221,Weekday,https://www4.septa.org/picking/pdf/fall-a-2026/allegheny/paddles/weekday-paddles.pdf#page=221,https://www4.septa.org/picking/pdf/fall-a-2026/allegheny/paddles/weekday-paddles#page=221.pdf,https://www4.septa.org/picking/pdf/fall-a-2026/allegheny/trip-sheets/weekday-trip-sheets.pdf
AlleghenyWeekday969,969,Allegheny,1 of 2,223,Weekday,https://www4.septa.org/picking/pdf/fall-a-2026/allegheny/paddles/weekday-paddles.pdf#page=223,https://www4.septa.org/picking/pdf/fall-a-2026/allegheny/paddles/weekday-paddles#page=223.pdf,https://www4.septa.org/picking/pdf/fall-a-2026/allegheny/trip-sheets/weekday-trip-sheets.pdf
AlleghenyWeekday970,970,Allegheny,1 of 2,225,Weekday,https://www4.septa.org/picking/pdf/fall-a-2026/allegheny/paddles/weekday-paddles.pdf#page=225,https://www4.septa.org/picking/pdf/fall-a-2026/allegheny/paddles/weekday-paddles#page=225.pdf,https://www4.septa.org/picking/pdf/fall-a-2026/allegheny/trip-sheets/weekday-trip-sheets.pdf
AlleghenyWeekday971,971,Allegheny,1 of 3,227,Weekday,https://www4.septa.org/picking/pdf/fall-a-2026/allegheny/paddles/weekday-paddles.pdf#page=227,https://www4.septa.org/picking/pdf/fall-a-2026/allegheny/paddles/weekday-paddles#page=227.pdf,https://www4.septa.org/picking/pdf/fall-a-2026/allegheny/trip-sheets/weekday-trip-sheets.pdf
AlleghenyWeekday972,972,Allegheny,1 of 3,230,Weekday,https://www4.septa.org/picking/pdf/fall-a-2026/allegheny/paddles/weekday-paddles.pdf#page=230,https://www4.septa.org/picking/pdf/fall-a-2026/allegheny/paddles/weekday-paddles#page=230.pdf,https://www4.septa.org/picking/pdf/fall-a-2026/allegheny/trip-sheets/weekday-trip-sheets.pdf
AlleghenyWeekday973,973,Allegheny,1 of 2,233,Weekday,https://www4.septa.org/picking/pdf/fall-a-2026/allegheny/paddles/weekday-paddles.pdf#page=233,https://www4.septa.org/picking/pdf/fall-a-2026/allegheny/paddles/weekday-paddles#page=233.pdf,https://www4.septa.org/picking/pdf/fall-a-2026/allegheny/trip-sheets/weekday-trip-sheets.pdf
AlleghenyWeekday974,974,Allegheny,1 of 3,235,Weekday,https://www4.septa.org/picking/pdf/fall-a-2026/allegheny/paddles/weekday-paddles.pdf#page=235,https://www4.septa.org/picking/pdf/fall-a-2026/allegheny/paddles/weekday-paddles#page=235.pdf,https://www4.septa.org/picking/pdf/fall-a-2026/allegheny/trip-sheets/weekday-trip-sheets.pdf
AlleghenyWeekday975,975,Allegheny,1 of 2,238,Weekday,https://www4.septa.org/picking/pdf/fall-a-2026/allegheny/paddles/weekday-paddles.pdf#page=238,https://www4.septa.org/picking/pdf/fall-a-2026/allegheny/paddles/weekday-paddles#page=238.pdf,https://www4.septa.org/picking/pdf/fall-a-2026/allegheny/trip-sheets/weekday-trip-sheets.pdf
AlleghenySaturday101,101,Allegheny,1 of 2,1,Saturday,https://www4.septa.org/picking/pdf/fall-a-2026/allegheny/paddles/saturday-paddles.pdf#page=1,https://www4.septa.org/picking/pdf/fall-a-2026/allegheny/paddles/saturday-paddles#page=1.pdf,https://www4.septa.org/picking/pdf/fall-a-2026/allegheny/trip-sheets/saturday-trip-sheets.pdf
AlleghenySaturday102,102,Allegheny,1 of 2,3,Saturday,https://www4.septa.org/picking/pdf/fall-a-2026/allegheny/paddles/saturday-paddles.pdf#page=3,https://www4.septa.org/picking/pdf/fall-a-2026/allegheny/paddles/saturday-paddles#page=3.pdf,https://www4.septa.org/picking/pdf/fall-a-2026/allegheny/trip-sheets/saturday-trip-sheets.pdf
AlleghenySaturday103,103,Allegheny,1 of 2,5,Saturday,https://www4.septa.org/picking/pdf/fall-a-2026/allegheny/paddles/saturday-paddles.pdf#page=5,https://www4.septa.org/picking/pdf/fall-a-2026/allegheny/paddles/saturday-paddles#page=5.pdf,https://www4.septa.org/picking/pdf/fall-a-2026/allegheny/trip-sheets/saturday-trip-sheets.pdf
AlleghenySaturday104,104,Allegheny,1 of 1,7,Saturday,https://www4.septa.org/picking/pdf/fall-a-2026/allegheny/paddles/saturday-paddles.pdf#page=7,https://www4.septa.org/picking/pdf/fall-a-2026/allegheny/paddles/saturday-paddles#page=7.pdf,https://www4.septa.org/picking/pdf/fall-a-2026/allegheny/trip-sheets/saturday-trip-sheets.pdf
AlleghenySaturday105,105,Allegheny,1 of 2,8,Saturday,https://www4.septa.org/picking/pdf/fall-a-2026/allegheny/paddles/saturday-paddles.pdf#page=8,https://www4.septa.org/picking/pdf/fall-a-2026/allegheny/paddles/saturday-paddles#page=8.pdf,https://www4.septa.org/picking/pdf/fall-a-2026/allegheny/trip-sheets/saturday-trip-sheets.pdf
AlleghenySaturday106,106,Allegheny,1 of 1,10,Saturday,https://www4.septa.org/picking/pdf/fall-a-2026/allegheny/paddles/saturday-paddles.pdf#page=10,https://www4.septa.org/picking/pdf/fall-a-2026/allegheny/paddles/saturday-paddles#page=10.pdf,https://www4.septa.org/picking/pdf/fall-a-2026/allegheny/trip-sheets/saturday-trip-sheets.pdf
AlleghenySaturday107,107,Allegheny,1 of 2,11,Saturday,https://www4.septa.org/picking/pdf/fall-a-2026/allegheny/paddles/saturday-paddles.pdf#page=11,https://www4.septa.org/picking/pdf/fall-a-2026/allegheny/paddles/saturday-paddles#page=11.pdf,https://www4.septa.org/picking/pdf/fall-a-2026/allegheny/trip-sheets/saturday-trip-sheets.pdf
AlleghenySaturday201,201,Allegheny,1 of 1,13,Saturday,https://www4.septa.org/picking/pdf/fall-a-2026/allegheny/paddles/saturday-paddles.pdf#page=13,https://www4.septa.org/picking/pdf/fall-a-2026/allegheny/paddles/saturday-paddles#page=13.pdf,https://www4.septa.org/picking/pdf/fall-a-2026/allegheny/trip-sheets/saturday-trip-sheets.pdf
AlleghenySaturday202,202,Allegheny,1 of 1,14,Saturday,https://www4.septa.org/picking/pdf/fall-a-2026/allegheny/paddles/saturday-paddles.pdf#page=14,https://www4.septa.org/picking/pdf/fall-a-2026/allegheny/paddles/saturday-paddles#page=14.pdf,https://www4.septa.org/picking/pdf/fall-a-2026/allegheny/trip-sheets/saturday-trip-sheets.pdf
AlleghenySaturday203,203,Allegheny,1 of 1,15,Saturday,https://www4.septa.org/picking/pdf/fall-a-2026/allegheny/paddles/saturday-paddles.pdf#page=15,https://www4.septa.org/picking/pdf/fall-a-2026/allegheny/paddles/saturday-paddles#page=15.pdf,https://www4.septa.org/picking/pdf/fall-a-2026/allegheny/trip-sheets/saturday-trip-sheets.pdf
AlleghenySaturday204,204,Allegheny,1 of 1,16,Saturday,https://www4.septa.org/picking/pdf/fall-a-2026/allegheny/paddles/saturday-paddles.pdf#page=16,https://www4.septa.org/picking/pdf/fall-a-2026/allegheny/paddles/saturday-paddles#page=16.pdf,https://www4.septa.org/picking/pdf/fall-a-2026/allegheny/trip-sheets/saturday-trip-sheets.pdf
AlleghenySaturday205,205,Allegheny,1 of 1,17,Saturday,https://www4.septa.org/picking/pdf/fall-a-2026/allegheny/paddles/saturday-paddles.pdf#page=17,https://www4.septa.org/picking/pdf/fall-a-2026/allegheny/paddles/saturday-paddles#page=17.pdf,https://www4.septa.org/picking/pdf/fall-a-2026/allegheny/trip-sheets/saturday-trip-sheets.pdf
AlleghenySaturday206,206,Allegheny,1 of 1,18,Saturday,https://www4.septa.org/picking/pdf/fall-a-2026/allegheny/paddles/saturday-paddles.pdf#page=18,https://www4.septa.org/picking/pdf/fall-a-2026/allegheny/paddles/saturday-paddles#page=18.pdf,https://www4.septa.org/picking/pdf/fall-a-2026/allegheny/trip-sheets/saturday-trip-sheets.pdf
AlleghenySaturday207,207,Allegheny,1 of 1,19,Saturday,https://www4.septa.org/picking/pdf/fall-a-2026/allegheny/paddles/saturday-paddles.pdf#page=19,https://www4.septa.org/picking/pdf/fall-a-2026/allegheny/paddles/saturday-paddles#page=19.pdf,https://www4.septa.org/picking/pdf/fall-a-2026/allegheny/trip-sheets/saturday-trip-sheets.pdf
AlleghenySaturday208,208,Allegheny,1 of 1,20,Saturday,https://www4.septa.org/picking/pdf/fall-a-2026/allegheny/paddles/saturday-paddles.pdf#page=20,https://www4.septa.org/picking/pdf/fall-a-2026/allegheny/paddles/saturday-paddles#page=20.pdf,https://www4.septa.org/picking/pdf/fall-a-2026/allegheny/trip-sheets/saturday-trip-sheets.pdf
AlleghenySaturday209,209,Allegheny,1 of 1,21,Saturday,https://www4.septa.org/picking/pdf/fall-a-2026/allegheny/paddles/saturday-paddles.pdf#page=21,https://www4.septa.org/picking/pdf/fall-a-2026/allegheny/paddles/saturday-paddles#page=21.pdf,https://www4.septa.org/picking/pdf/fall-a-2026/allegheny/trip-sheets/saturday-trip-sheets.pdf
AlleghenySaturday251,251,Allegheny,1 of 2,22,Saturday,https://www4.septa.org/picking/pdf/fall-a-2026/allegheny/paddles/saturday-paddles.pdf#page=22,https://www4.septa.org/picking/pdf/fall-a-2026/allegheny/paddles/saturday-paddles#page=22.pdf,https://www4.septa.org/picking/pdf/fall-a-2026/allegheny/trip-sheets/saturday-trip-sheets.pdf
AlleghenySaturday252,252,Allegheny,1 of 1,24,Saturday,https://www4.septa.org/picking/pdf/fall-a-2026/allegheny/paddles/saturday-paddles.pdf#page=24,https://www4.septa.org/picking/pdf/fall-a-2026/allegheny/paddles/saturday-paddles#page=24.pdf,https://www4.septa.org/picking/pdf/fall-a-2026/allegheny/trip-sheets/saturday-trip-sheets.pdf
AlleghenySaturday253,253,Allegheny,1 of 2,25,Saturday,https://www4.septa.org/picking/pdf/fall-a-2026/allegheny/paddles/saturday-paddles.pdf#page=25,https://www4.septa.org/picking/pdf/fall-a-2026/allegheny/paddles/saturday-paddles#page=25.pdf,https://www4.septa.org/picking/pdf/fall-a-2026/allegheny/trip-sheets/saturday-trip-sheets.pdf
AlleghenySaturday254,254,Allegheny,1 of 2,27,Saturday,https://www4.septa.org/picking/pdf/fall-a-2026/allegheny/paddles/saturday-paddles.pdf#page=27,https://www4.septa.org/picking/pdf/fall-a-2026/allegheny/paddles/saturday-paddles#page=27.pdf,https://www4.septa.org/picking/pdf/fall-a-2026/allegheny/trip-sheets/saturday-trip-sheets.pdf
AlleghenySaturday255,255,Allegheny,1 of 2,29,Saturday,https://www4.septa.org/picking/pdf/fall-a-2026/allegheny/paddles/saturday-paddles.pdf#page=29,https://www4.septa.org/picking/pdf/fall-a-2026/allegheny/paddles/saturday-paddles#page=29.pdf,https://www4.septa.org/picking/pdf/fall-a-2026/allegheny/trip-sheets/saturday-trip-sheets.pdf
AlleghenySaturday256,256,Allegheny,1 of 2,31,Saturday,https://www4.septa.org/picking/pdf/fall-a-2026/allegheny/paddles/saturday-paddles.pdf#page=31,https://www4.septa.org/picking/pdf/fall-a-2026/allegheny/paddles/saturday-paddles#page=31.pdf,https://www4.septa.org/picking/pdf/fall-a-2026/allegheny/trip-sheets/saturday-trip-sheets.pdf
AlleghenySaturday257,257,Allegheny,1 of 2,33,Saturday,https://www4.septa.org/picking/pdf/fall-a-2026/allegheny/paddles/saturday-paddles.pdf#page=33,https://www4.septa.org/picking/pdf/fall-a-2026/allegheny/paddles/saturday-paddles#page=33.pdf,https://www4.septa.org/picking/pdf/fall-a-2026/allegheny/trip-sheets/saturday-trip-sheets.pdf
AlleghenySaturday401,401,Allegheny,1 of 1,35,Saturday,https://www4.septa.org/picking/pdf/fall-a-2026/allegheny/paddles/saturday-paddles.pdf#page=35,https://www4.septa.org/picking/pdf/fall-a-2026/allegheny/paddles/saturday-paddles#page=35.pdf,https://www4.septa.org/picking/pdf/fall-a-2026/allegheny/trip-sheets/saturday-trip-sheets.pdf
AlleghenySaturday402,402,Allegheny,1 of 1,36,Saturday,https://www4.septa.org/picking/pdf/fall-a-2026/allegheny/paddles/saturday-paddles.pdf#page=36,https://www4.septa.org/picking/pdf/fall-a-2026/allegheny/paddles/saturday-paddles#page=36.pdf,https://www4.septa.org/picking/pdf/fall-a-2026/allegheny/trip-sheets/saturday-trip-sheets.pdf
AlleghenySaturday403,403,Allegheny,1 of 1,37,Saturday,https://www4.septa.org/picking/pdf/fall-a-2026/allegheny/paddles/saturday-paddles.pdf#page=37,https://www4.septa.org/picking/pdf/fall-a-2026/allegheny/paddles/saturday-paddles#page=37.pdf,https://www4.septa.org/picking/pdf/fall-a-2026/allegheny/trip-sheets/saturday-trip-sheets.pdf
AlleghenySaturday404,404,Allegheny,1 of 1,38,Saturday,https://www4.septa.org/picking/pdf/fall-a-2026/allegheny/paddles/saturday-paddles.pdf#page=38,https://www4.septa.org/picking/pdf/fall-a-2026/allegheny/paddles/saturday-paddles#page=38.pdf,https://www4.septa.org/picking/pdf/fall-a-2026/allegheny/trip-sheets/saturday-trip-sheets.pdf
AlleghenySaturday405,405,Allegheny,1 of 1,39,Saturday,https://www4.septa.org/picking/pdf/fall-a-2026/allegheny/paddles/saturday-paddles.pdf#page=39,https://www4.septa.org/picking/pdf/fall-a-2026/allegheny/paddles/saturday-paddles#page=39.pdf,https://www4.septa.org/picking/pdf/fall-a-2026/allegheny/trip-sheets/saturday-trip-sheets.pdf
AlleghenySaturday406,406,Allegheny,1 of 1,40,Saturday,https://www4.septa.org/picking/pdf/fall-a-2026/allegheny/paddles/saturday-paddles.pdf#page=40,https://www4.septa.org/picking/pdf/fall-a-2026/allegheny/paddles/saturday-paddles#page=40.pdf,https://www4.septa.org/picking/pdf/fall-a-2026/allegheny/trip-sheets/saturday-trip-sheets.pdf
AlleghenySaturday407,407,Allegheny,1 of 1,41,Saturday,https://www4.septa.org/picking/pdf/fall-a-2026/allegheny/paddles/saturday-paddles.pdf#page=41,https://www4.septa.org/picking/pdf/fall-a-2026/allegheny/paddles/saturday-paddles#page=41.pdf,https://www4.septa.org/picking/pdf/fall-a-2026/allegheny/trip-sheets/saturday-trip-sheets.pdf
AlleghenySaturday408,408,Allegheny,1 of 1,42,Saturday,https://www4.septa.org/picking/pdf/fall-a-2026/allegheny/paddles/saturday-paddles.pdf#page=42,https://www4.septa.org/picking/pdf/fall-a-2026/allegheny/paddles/saturday-paddles#page=42.pdf,https://www4.septa.org/picking/pdf/fall-a-2026/allegheny/trip-sheets/saturday-trip-sheets.pdf
AlleghenySaturday409,409,Allegheny,1 of 1,43,Saturday,https://www4.septa.org/picking/pdf/fall-a-2026/allegheny/paddles/saturday-paddles.pdf#page=43,https://www4.septa.org/picking/pdf/fall-a-2026/allegheny/paddles/saturday-paddles#page=43.pdf,https://www4.septa.org/picking/pdf/fall-a-2026/allegheny/trip-sheets/saturday-trip-sheets.pdf
AlleghenySaturday410,410,Allegheny,1 of 1,44,Saturday,https://www4.septa.org/picking/pdf/fall-a-2026/allegheny/paddles/saturday-paddles.pdf#page=44,https://www4.septa.org/picking/pdf/fall-a-2026/allegheny/paddles/saturday-paddles#page=44.pdf,https://www4.septa.org/picking/pdf/fall-a-2026/allegheny/trip-sheets/saturday-trip-sheets.pdf
AlleghenySaturday411,411,Allegheny,1 of 1,45,Saturday,https://www4.septa.org/picking/pdf/fall-a-2026/allegheny/paddles/saturday-paddles.pdf#page=45,https://www4.septa.org/picking/pdf/fall-a-2026/allegheny/paddles/saturday-paddles#page=45.pdf,https://www4.septa.org/picking/pdf/fall-a-2026/allegheny/trip-sheets/saturday-trip-sheets.pdf
AlleghenySaturday412,412,Allegheny,1 of 1,46,Saturday,https://www4.septa.org/picking/pdf/fall-a-2026/allegheny/paddles/saturday-paddles.pdf#page=46,https://www4.septa.org/picking/pdf/fall-a-2026/allegheny/paddles/saturday-paddles#page=46.pdf,https://www4.septa.org/picking/pdf/fall-a-2026/allegheny/trip-sheets/saturday-trip-sheets.pdf
AlleghenySaturday501,501,Allegheny,1 of 2,47,Saturday,https://www4.septa.org/picking/pdf/fall-a-2026/allegheny/paddles/saturday-paddles.pdf#page=47,https://www4.septa.org/picking/pdf/fall-a-2026/allegheny/paddles/saturday-paddles#page=47.pdf,https://www4.septa.org/picking/pdf/fall-a-2026/allegheny/trip-sheets/saturday-trip-sheets.pdf
AlleghenySaturday502,502,Allegheny,1 of 1,49,Saturday,https://www4.septa.org/picking/pdf/fall-a-2026/allegheny/paddles/saturday-paddles.pdf#page=49,https://www4.septa.org/picking/pdf/fall-a-2026/allegheny/paddles/saturday-paddles#page=49.pdf,https://www4.septa.org/picking/pdf/fall-a-2026/allegheny/trip-sheets/saturday-trip-sheets.pdf
AlleghenySaturday503,503,Allegheny,1 of 2,50,Saturday,https://www4.septa.org/picking/pdf/fall-a-2026/allegheny/paddles/saturday-paddles.pdf#page=50,https://www4.septa.org/picking/pdf/fall-a-2026/allegheny/paddles/saturday-paddles#page=50.pdf,https://www4.septa.org/picking/pdf/fall-a-2026/allegheny/trip-sheets/saturday-trip-sheets.pdf
AlleghenySaturday504,504,Allegheny,1 of 2,52,Saturday,https://www4.septa.org/picking/pdf/fall-a-2026/allegheny/paddles/saturday-paddles.pdf#page=52,https://www4.septa.org/picking/pdf/fall-a-2026/allegheny/paddles/saturday-paddles#page=52.pdf,https://www4.septa.org/picking/pdf/fall-a-2026/allegheny/trip-sheets/saturday-trip-sheets.pdf
AlleghenySaturday505,505,Allegheny,1 of 1,54,Saturday,https://www4.septa.org/picking/pdf/fall-a-2026/allegheny/paddles/saturday-paddles.pdf#page=54,https://www4.septa.org/picking/pdf/fall-a-2026/allegheny/paddles/saturday-paddles#page=54.pdf,https://www4.septa.org/picking/pdf/fall-a-2026/allegheny/trip-sheets/saturday-trip-sheets.pdf
AlleghenySaturday506,506,Allegheny,1 of 2,55,Saturday,https://www4.septa.org/picking/pdf/fall-a-2026/allegheny/paddles/saturday-paddles.pdf#page=55,https://www4.septa.org/picking/pdf/fall-a-2026/allegheny/paddles/saturday-paddles#page=55.pdf,https://www4.septa.org/picking/pdf/fall-a-2026/allegheny/trip-sheets/saturday-trip-sheets.pdf
AlleghenySaturday507,507,Allegheny,1 of 1,57,Saturday,https://www4.septa.org/picking/pdf/fall-a-2026/allegheny/paddles/saturday-paddles.pdf#page=57,https://www4.septa.org/picking/pdf/fall-a-2026/allegheny/paddles/saturday-paddles#page=57.pdf,https://www4.septa.org/picking/pdf/fall-a-2026/allegheny/trip-sheets/saturday-trip-sheets.pdf
AlleghenySaturday508,508,Allegheny,1 of 1,58,Saturday,https://www4.septa.org/picking/pdf/fall-a-2026/allegheny/paddles/saturday-paddles.pdf#page=58,https://www4.septa.org/picking/pdf/fall-a-2026/allegheny/paddles/saturday-paddles#page=58.pdf,https://www4.septa.org/picking/pdf/fall-a-2026/allegheny/trip-sheets/saturday-trip-sheets.pdf
AlleghenySaturday509,509,Allegheny,1 of 2,59,Saturday,https://www4.septa.org/picking/pdf/fall-a-2026/allegheny/paddles/saturday-paddles.pdf#page=59,https://www4.septa.org/picking/pdf/fall-a-2026/allegheny/paddles/saturday-paddles#page=59.pdf,https://www4.septa.org/picking/pdf/fall-a-2026/allegheny/trip-sheets/saturday-trip-sheets.pdf
AlleghenySaturday510,510,Allegheny,1 of 2,61,Saturday,https://www4.septa.org/picking/pdf/fall-a-2026/allegheny/paddles/saturday-paddles.pdf#page=61,https://www4.septa.org/picking/pdf/fall-a-2026/allegheny/paddles/saturday-paddles#page=61.pdf,https://www4.septa.org/picking/pdf/fall-a-2026/allegheny/trip-sheets/saturday-trip-sheets.pdf
AlleghenySaturday511,511,Allegheny,1 of 2,63,Saturday,https://www4.septa.org/picking/pdf/fall-a-2026/allegheny/paddles/saturday-paddles.pdf#page=63,https://www4.septa.org/picking/pdf/fall-a-2026/allegheny/paddles/saturday-paddles#page=63.pdf,https://www4.septa.org/picking/pdf/fall-a-2026/allegheny/trip-sheets/saturday-trip-sheets.pdf
AlleghenySaturday512,512,Allegheny,1 of 1,65,Saturday,https://www4.septa.org/picking/pdf/fall-a-2026/allegheny/paddles/saturday-paddles.pdf#page=65,https://www4.septa.org/picking/pdf/fall-a-2026/allegheny/paddles/saturday-paddles#page=65.pdf,https://www4.septa.org/picking/pdf/fall-a-2026/allegheny/trip-sheets/saturday-trip-sheets.pdf
AlleghenySaturday513,513,Allegheny,1 of 1,66,Saturday,https://www4.septa.org/picking/pdf/fall-a-2026/allegheny/paddles/saturday-paddles.pdf#page=66,https://www4.septa.org/picking/pdf/fall-a-2026/allegheny/paddles/saturday-paddles#page=66.pdf,https://www4.septa.org/picking/pdf/fall-a-2026/allegheny/trip-sheets/saturday-trip-sheets.pdf
AlleghenySaturday514,514,Allegheny,1 of 1,67,Saturday,https://www4.septa.org/picking/pdf/fall-a-2026/allegheny/paddles/saturday-paddles.pdf#page=67,https://www4.septa.org/picking/pdf/fall-a-2026/allegheny/paddles/saturday-paddles#page=67.pdf,https://www4.septa.org/picking/pdf/fall-a-2026/allegheny/trip-sheets/saturday-trip-sheets.pdf
AlleghenySaturday515,515,Allegheny,1 of 1,68,Saturday,https://www4.septa.org/picking/pdf/fall-a-2026/allegheny/paddles/saturday-paddles.pdf#page=68,https://www4.septa.org/picking/pdf/fall-a-2026/allegheny/paddles/saturday-paddles#page=68.pdf,https://www4.septa.org/picking/pdf/fall-a-2026/allegheny/trip-sheets/saturday-trip-sheets.pdf
AlleghenySaturday516,516,Allegheny,1 of 1,69,Saturday,https://www4.septa.org/picking/pdf/fall-a-2026/allegheny/paddles/saturday-paddles.pdf#page=69,https://www4.septa.org/picking/pdf/fall-a-2026/allegheny/paddles/saturday-paddles#page=69.pdf,https://www4.septa.org/picking/pdf/fall-a-2026/allegheny/trip-sheets/saturday-trip-sheets.pdf
AlleghenySaturday517,517,Allegheny,1 of 1,70,Saturday,https://www4.septa.org/picking/pdf/fall-a-2026/allegheny/paddles/saturday-paddles.pdf#page=70,https://www4.septa.org/picking/pdf/fall-a-2026/allegheny/paddles/saturday-paddles#page=70.pdf,https://www4.septa.org/picking/pdf/fall-a-2026/allegheny/trip-sheets/saturday-trip-sheets.pdf
AlleghenySaturday518,518,Allegheny,1 of 1,71,Saturday,https://www4.septa.org/picking/pdf/fall-a-2026/allegheny/paddles/saturday-paddles.pdf#page=71,https://www4.septa.org/picking/pdf/fall-a-2026/allegheny/paddles/saturday-paddles#page=71.pdf,https://www4.septa.org/picking/pdf/fall-a-2026/allegheny/trip-sheets/saturday-trip-sheets.pdf
AlleghenySaturday651,651,Allegheny,1 of 2,72,Saturday,https://www4.septa.org/picking/pdf/fall-a-2026/allegheny/paddles/saturday-paddles.pdf#page=72,https://www4.septa.org/picking/pdf/fall-a-2026/allegheny/paddles/saturday-paddles#page=72.pdf,https://www4.septa.org/picking/pdf/fall-a-2026/allegheny/trip-sheets/saturday-trip-sheets.pdf
AlleghenySaturday652,652,Allegheny,1 of 2,74,Saturday,https://www4.septa.org/picking/pdf/fall-a-2026/allegheny/paddles/saturday-paddles.pdf#page=74,https://www4.septa.org/picking/pdf/fall-a-2026/allegheny/paddles/saturday-paddles#page=74.pdf,https://www4.septa.org/picking/pdf/fall-a-2026/allegheny/trip-sheets/saturday-trip-sheets.pdf
AlleghenySaturday653,653,Allegheny,1 of 2,76,Saturday,https://www4.septa.org/picking/pdf/fall-a-2026/allegheny/paddles/saturday-paddles.pdf#page=76,https://www4.septa.org/picking/pdf/fall-a-2026/allegheny/paddles/saturday-paddles#page=76.pdf,https://www4.septa.org/picking/pdf/fall-a-2026/allegheny/trip-sheets/saturday-trip-sheets.pdf
AlleghenySaturday654,654,Allegheny,1 of 2,78,Saturday,https://www4.septa.org/picking/pdf/fall-a-2026/allegheny/paddles/saturday-paddles.pdf#page=78,https://www4.septa.org/picking/pdf/fall-a-2026/allegheny/paddles/saturday-paddles#page=78.pdf,https://www4.septa.org/picking/pdf/fall-a-2026/allegheny/trip-sheets/saturday-trip-sheets.pdf
AlleghenySaturday655,655,Allegheny,1 of 1,80,Saturday,https://www4.septa.org/picking/pdf/fall-a-2026/allegheny/paddles/saturday-paddles.pdf#page=80,https://www4.septa.org/picking/pdf/fall-a-2026/allegheny/paddles/saturday-paddles#page=80.pdf,https://www4.septa.org/picking/pdf/fall-a-2026/allegheny/trip-sheets/saturday-trip-sheets.pdf
AlleghenySaturday656,656,Allegheny,1 of 2,81,Saturday,https://www4.septa.org/picking/pdf/fall-a-2026/allegheny/paddles/saturday-paddles.pdf#page=81,https://www4.septa.org/picking/pdf/fall-a-2026/allegheny/paddles/saturday-paddles#page=81.pdf,https://www4.septa.org/picking/pdf/fall-a-2026/allegheny/trip-sheets/saturday-trip-sheets.pdf
AlleghenySaturday657,657,Allegheny,1 of 1,83,Saturday,https://www4.septa.org/picking/pdf/fall-a-2026/allegheny/paddles/saturday-paddles.pdf#page=83,https://www4.septa.org/picking/pdf/fall-a-2026/allegheny/paddles/saturday-paddles#page=83.pdf,https://www4.septa.org/picking/pdf/fall-a-2026/allegheny/trip-sheets/saturday-trip-sheets.pdf
AlleghenySaturday658,658,Allegheny,1 of 2,84,Saturday,https://www4.septa.org/picking/pdf/fall-a-2026/allegheny/paddles/saturday-paddles.pdf#page=84,https://www4.septa.org/picking/pdf/fall-a-2026/allegheny/paddles/saturday-paddles#page=84.pdf,https://www4.septa.org/picking/pdf/fall-a-2026/allegheny/trip-sheets/saturday-trip-sheets.pdf
AlleghenySaturday659,659,Allegheny,1 of 2,86,Saturday,https://www4.septa.org/picking/pdf/fall-a-2026/allegheny/paddles/saturday-paddles.pdf#page=86,https://www4.septa.org/picking/pdf/fall-a-2026/allegheny/paddles/saturday-paddles#page=86.pdf,https://www4.septa.org/picking/pdf/fall-a-2026/allegheny/trip-sheets/saturday-trip-sheets.pdf
AlleghenySaturday660,660,Allegheny,1 of 2,88,Saturday,https://www4.septa.org/picking/pdf/fall-a-2026/allegheny/paddles/saturday-paddles.pdf#page=88,https://www4.septa.org/picking/pdf/fall-a-2026/allegheny/paddles/saturday-paddles#page=88.pdf,https://www4.septa.org/picking/pdf/fall-a-2026/allegheny/trip-sheets/saturday-trip-sheets.pdf
AlleghenySaturday661,661,Allegheny,1 of 2,90,Saturday,https://www4.septa.org/picking/pdf/fall-a-2026/allegheny/paddles/saturday-paddles.pdf#page=90,https://www4.septa.org/picking/pdf/fall-a-2026/allegheny/paddles/saturday-paddles#page=90.pdf,https://www4.septa.org/picking/pdf/fall-a-2026/allegheny/trip-sheets/saturday-trip-sheets.pdf
AlleghenySaturday662,662,Allegheny,1 of 2,92,Saturday,https://www4.septa.org/picking/pdf/fall-a-2026/allegheny/paddles/saturday-paddles.pdf#page=92,https://www4.septa.org/picking/pdf/fall-a-2026/allegheny/paddles/saturday-paddles#page=92.pdf,https://www4.septa.org/picking/pdf/fall-a-2026/allegheny/trip-sheets/saturday-trip-sheets.pdf
AlleghenySaturday663,663,Allegheny,1 of 2,94,Saturday,https://www4.septa.org/picking/pdf/fall-a-2026/allegheny/paddles/saturday-paddles.pdf#page=94,https://www4.septa.org/picking/pdf/fall-a-2026/allegheny/paddles/saturday-paddles#page=94.pdf,https://www4.septa.org/picking/pdf/fall-a-2026/allegheny/trip-sheets/saturday-trip-sheets.pdf
AlleghenySaturday664,664,Allegheny,1 of 2,96,Saturday,https://www4.septa.org/picking/pdf/fall-a-2026/allegheny/paddles/saturday-paddles.pdf#page=96,https://www4.septa.org/picking/pdf/fall-a-2026/allegheny/paddles/saturday-paddles#page=96.pdf,https://www4.septa.org/picking/pdf/fall-a-2026/allegheny/trip-sheets/saturday-trip-sheets.pdf
AlleghenySaturday665,665,Allegheny,1 of 2,98,Saturday,https://www4.septa.org/picking/pdf/fall-a-2026/allegheny/paddles/saturday-paddles.pdf#page=98,https://www4.septa.org/picking/pdf/fall-a-2026/allegheny/paddles/saturday-paddles#page=98.pdf,https://www4.septa.org/picking/pdf/fall-a-2026/allegheny/trip-sheets/saturday-trip-sheets.pdf
AlleghenySaturday801,801,Allegheny,1 of 2,100,Saturday,https://www4.septa.org/picking/pdf/fall-a-2026/allegheny/paddles/saturday-paddles.pdf#page=100,https://www4.septa.org/picking/pdf/fall-a-2026/allegheny/paddles/saturday-paddles#page=100.pdf,https://www4.septa.org/picking/pdf/fall-a-2026/allegheny/trip-sheets/saturday-trip-sheets.pdf
AlleghenySaturday802,802,Allegheny,1 of 2,102,Saturday,https://www4.septa.org/picking/pdf/fall-a-2026/allegheny/paddles/saturday-paddles.pdf#page=102,https://www4.septa.org/picking/pdf/fall-a-2026/allegheny/paddles/saturday-paddles#page=102.pdf,https://www4.septa.org/picking/pdf/fall-a-2026/allegheny/trip-sheets/saturday-trip-sheets.pdf
AlleghenySaturday803,803,Allegheny,1 of 2,104,Saturday,https://www4.septa.org/picking/pdf/fall-a-2026/allegheny/paddles/saturday-paddles.pdf#page=104,https://www4.septa.org/picking/pdf/fall-a-2026/allegheny/paddles/saturday-paddles#page=104.pdf,https://www4.septa.org/picking/pdf/fall-a-2026/allegheny/trip-sheets/saturday-trip-sheets.pdf
AlleghenySaturday804,804,Allegheny,1 of 2,106,Saturday,https://www4.septa.org/picking/pdf/fall-a-2026/allegheny/paddles/saturday-paddles.pdf#page=106,https://www4.septa.org/picking/pdf/fall-a-2026/allegheny/paddles/saturday-paddles#page=106.pdf,https://www4.septa.org/picking/pdf/fall-a-2026/allegheny/trip-sheets/saturday-trip-sheets.pdf
AlleghenySaturday805,805,Allegheny,1 of 2,108,Saturday,https://www4.septa.org/picking/pdf/fall-a-2026/allegheny/paddles/saturday-paddles.pdf#page=108,https://www4.septa.org/picking/pdf/fall-a-2026/allegheny/paddles/saturday-paddles#page=108.pdf,https://www4.septa.org/picking/pdf/fall-a-2026/allegheny/trip-sheets/saturday-trip-sheets.pdf
AlleghenySaturday806,806,Allegheny,1 of 1,110,Saturday,https://www4.septa.org/picking/pdf/fall-a-2026/allegheny/paddles/saturday-paddles.pdf#page=110,https://www4.septa.org/picking/pdf/fall-a-2026/allegheny/paddles/saturday-paddles#page=110.pdf,https://www4.septa.org/picking/pdf/fall-a-2026/allegheny/trip-sheets/saturday-trip-sheets.pdf
AlleghenySaturday807,807,Allegheny,1 of 1,111,Saturday,https://www4.septa.org/picking/pdf/fall-a-2026/allegheny/paddles/saturday-paddles.pdf#page=111,https://www4.septa.org/picking/pdf/fall-a-2026/allegheny/paddles/saturday-paddles#page=111.pdf,https://www4.septa.org/picking/pdf/fall-a-2026/allegheny/trip-sheets/saturday-trip-sheets.pdf
AlleghenySaturday808,808,Allegheny,1 of 1,112,Saturday,https://www4.septa.org/picking/pdf/fall-a-2026/allegheny/paddles/saturday-paddles.pdf#page=112,https://www4.septa.org/picking/pdf/fall-a-2026/allegheny/paddles/saturday-paddles#page=112.pdf,https://www4.septa.org/picking/pdf/fall-a-2026/allegheny/trip-sheets/saturday-trip-sheets.pdf
AlleghenySaturday809,809,Allegheny,1 of 2,113,Saturday,https://www4.septa.org/picking/pdf/fall-a-2026/allegheny/paddles/saturday-paddles.pdf#page=113,https://www4.septa.org/picking/pdf/fall-a-2026/allegheny/paddles/saturday-paddles#page=113.pdf,https://www4.septa.org/picking/pdf/fall-a-2026/allegheny/trip-sheets/saturday-trip-sheets.pdf
AlleghenySaturday951,951,Allegheny,1 of 2,115,Saturday,https://www4.septa.org/picking/pdf/fall-a-2026/allegheny/paddles/saturday-paddles.pdf#page=115,https://www4.septa.org/picking/pdf/fall-a-2026/allegheny/paddles/saturday-paddles#page=115.pdf,https://www4.septa.org/picking/pdf/fall-a-2026/allegheny/trip-sheets/saturday-trip-sheets.pdf
AlleghenySaturday952,952,Allegheny,1 of 2,117,Saturday,https://www4.septa.org/picking/pdf/fall-a-2026/allegheny/paddles/saturday-paddles.pdf#page=117,https://www4.septa.org/picking/pdf/fall-a-2026/allegheny/paddles/saturday-paddles#page=117.pdf,https://www4.septa.org/picking/pdf/fall-a-2026/allegheny/trip-sheets/saturday-trip-sheets.pdf
AlleghenySaturday953,953,Allegheny,1 of 2,119,Saturday,https://www4.septa.org/picking/pdf/fall-a-2026/allegheny/paddles/saturday-paddles.pdf#page=119,https://www4.septa.org/picking/pdf/fall-a-2026/allegheny/paddles/saturday-paddles#page=119.pdf,https://www4.septa.org/picking/pdf/fall-a-2026/allegheny/trip-sheets/saturday-trip-sheets.pdf
AlleghenySaturday954,954,Allegheny,1 of 2,121,Saturday,https://www4.septa.org/picking/pdf/fall-a-2026/allegheny/paddles/saturday-paddles.pdf#page=121,https://www4.septa.org/picking/pdf/fall-a-2026/allegheny/paddles/saturday-paddles#page=121.pdf,https://www4.septa.org/picking/pdf/fall-a-2026/allegheny/trip-sheets/saturday-trip-sheets.pdf
AlleghenySaturday955,955,Allegheny,1 of 2,123,Saturday,https://www4.septa.org/picking/pdf/fall-a-2026/allegheny/paddles/saturday-paddles.pdf#page=123,https://www4.septa.org/picking/pdf/fall-a-2026/allegheny/paddles/saturday-paddles#page=123.pdf,https://www4.septa.org/picking/pdf/fall-a-2026/allegheny/trip-sheets/saturday-trip-sheets.pdf
AlleghenySaturday956,956,Allegheny,1 of 2,125,Saturday,https://www4.septa.org/picking/pdf/fall-a-2026/allegheny/paddles/saturday-paddles.pdf#page=125,https://www4.septa.org/picking/pdf/fall-a-2026/allegheny/paddles/saturday-paddles#page=125.pdf,https://www4.septa.org/picking/pdf/fall-a-2026/allegheny/trip-sheets/saturday-trip-sheets.pdf
AlleghenySaturday957,957,Allegheny,1 of 2,127,Saturday,https://www4.septa.org/picking/pdf/fall-a-2026/allegheny/paddles/saturday-paddles.pdf#page=127,https://www4.septa.org/picking/pdf/fall-a-2026/allegheny/paddles/saturday-paddles#page=127.pdf,https://www4.septa.org/picking/pdf/fall-a-2026/allegheny/trip-sheets/saturday-trip-sheets.pdf
AlleghenySaturday958,958,Allegheny,1 of 2,129,Saturday,https://www4.septa.org/picking/pdf/fall-a-2026/allegheny/paddles/saturday-paddles.pdf#page=129,https://www4.septa.org/picking/pdf/fall-a-2026/allegheny/paddles/saturday-paddles#page=129.pdf,https://www4.septa.org/picking/pdf/fall-a-2026/allegheny/trip-sheets/saturday-trip-sheets.pdf
AlleghenySaturday959,959,Allegheny,1 of 2,131,Saturday,https://www4.septa.org/picking/pdf/fall-a-2026/allegheny/paddles/saturday-paddles.pdf#page=131,https://www4.septa.org/picking/pdf/fall-a-2026/allegheny/paddles/saturday-paddles#page=131.pdf,https://www4.septa.org/picking/pdf/fall-a-2026/allegheny/trip-sheets/saturday-trip-sheets.pdf
AlleghenySaturday960,960,Allegheny,1 of 2,133,Saturday,https://www4.septa.org/picking/pdf/fall-a-2026/allegheny/paddles/saturday-paddles.pdf#page=133,https://www4.septa.org/picking/pdf/fall-a-2026/allegheny/paddles/saturday-paddles#page=133.pdf,https://www4.septa.org/picking/pdf/fall-a-2026/allegheny/trip-sheets/saturday-trip-sheets.pdf
AlleghenySunday101,101,Allegheny,1 of 2,1,Sunday,https://www4.septa.org/picking/pdf/fall-a-2026/allegheny/paddles/sunday-paddles.pdf#page=1,https://www4.septa.org/picking/pdf/fall-a-2026/allegheny/paddles/sunday-paddles#page=1.pdf,https://www4.septa.org/picking/pdf/fall-a-2026/allegheny/trip-sheets/sunday-trip-sheets.pdf
AlleghenySunday102,102,Allegheny,1 of 2,3,Sunday,https://www4.septa.org/picking/pdf/fall-a-2026/allegheny/paddles/sunday-paddles.pdf#page=3,https://www4.septa.org/picking/pdf/fall-a-2026/allegheny/paddles/sunday-paddles#page=3.pdf,https://www4.septa.org/picking/pdf/fall-a-2026/allegheny/trip-sheets/sunday-trip-sheets.pdf
AlleghenySunday103,103,Allegheny,1 of 2,5,Sunday,https://www4.septa.org/picking/pdf/fall-a-2026/allegheny/paddles/sunday-paddles.pdf#page=5,https://www4.septa.org/picking/pdf/fall-a-2026/allegheny/paddles/sunday-paddles#page=5.pdf,https://www4.septa.org/picking/pdf/fall-a-2026/allegheny/trip-sheets/sunday-trip-sheets.pdf
AlleghenySunday104,104,Allegheny,1 of 1,7,Sunday,https://www4.septa.org/picking/pdf/fall-a-2026/allegheny/paddles/sunday-paddles.pdf#page=7,https://www4.septa.org/picking/pdf/fall-a-2026/allegheny/paddles/sunday-paddles#page=7.pdf,https://www4.septa.org/picking/pdf/fall-a-2026/allegheny/trip-sheets/sunday-trip-sheets.pdf
AlleghenySunday105,105,Allegheny,1 of 1,8,Sunday,https://www4.septa.org/picking/pdf/fall-a-2026/allegheny/paddles/sunday-paddles.pdf#page=8,https://www4.septa.org/picking/pdf/fall-a-2026/allegheny/paddles/sunday-paddles#page=8.pdf,https://www4.septa.org/picking/pdf/fall-a-2026/allegheny/trip-sheets/sunday-trip-sheets.pdf
AlleghenySunday106,106,Allegheny,1 of 2,9,Sunday,https://www4.septa.org/picking/pdf/fall-a-2026/allegheny/paddles/sunday-paddles.pdf#page=9,https://www4.septa.org/picking/pdf/fall-a-2026/allegheny/paddles/sunday-paddles#page=9.pdf,https://www4.septa.org/picking/pdf/fall-a-2026/allegheny/trip-sheets/sunday-trip-sheets.pdf
AlleghenySunday201,201,Allegheny,1 of 1,11,Sunday,https://www4.septa.org/picking/pdf/fall-a-2026/allegheny/paddles/sunday-paddles.pdf#page=11,https://www4.septa.org/picking/pdf/fall-a-2026/allegheny/paddles/sunday-paddles#page=11.pdf,https://www4.septa.org/picking/pdf/fall-a-2026/allegheny/trip-sheets/sunday-trip-sheets.pdf
AlleghenySunday202,202,Allegheny,1 of 1,12,Sunday,https://www4.septa.org/picking/pdf/fall-a-2026/allegheny/paddles/sunday-paddles.pdf#page=12,https://www4.septa.org/picking/pdf/fall-a-2026/allegheny/paddles/sunday-paddles#page=12.pdf,https://www4.septa.org/picking/pdf/fall-a-2026/allegheny/trip-sheets/sunday-trip-sheets.pdf
AlleghenySunday203,203,Allegheny,1 of 1,13,Sunday,https://www4.septa.org/picking/pdf/fall-a-2026/allegheny/paddles/sunday-paddles.pdf#page=13,https://www4.septa.org/picking/pdf/fall-a-2026/allegheny/paddles/sunday-paddles#page=13.pdf,https://www4.septa.org/picking/pdf/fall-a-2026/allegheny/trip-sheets/sunday-trip-sheets.pdf
AlleghenySunday204,204,Allegheny,1 of 1,14,Sunday,https://www4.septa.org/picking/pdf/fall-a-2026/allegheny/paddles/sunday-paddles.pdf#page=14,https://www4.septa.org/picking/pdf/fall-a-2026/allegheny/paddles/sunday-paddles#page=14.pdf,https://www4.septa.org/picking/pdf/fall-a-2026/allegheny/trip-sheets/sunday-trip-sheets.pdf
AlleghenySunday205,205,Allegheny,1 of 1,15,Sunday,https://www4.septa.org/picking/pdf/fall-a-2026/allegheny/paddles/sunday-paddles.pdf#page=15,https://www4.septa.org/picking/pdf/fall-a-2026/allegheny/paddles/sunday-paddles#page=15.pdf,https://www4.septa.org/picking/pdf/fall-a-2026/allegheny/trip-sheets/sunday-trip-sheets.pdf
AlleghenySunday206,206,Allegheny,1 of 1,16,Sunday,https://www4.septa.org/picking/pdf/fall-a-2026/allegheny/paddles/sunday-paddles.pdf#page=16,https://www4.septa.org/picking/pdf/fall-a-2026/allegheny/paddles/sunday-paddles#page=16.pdf,https://www4.septa.org/picking/pdf/fall-a-2026/allegheny/trip-sheets/sunday-trip-sheets.pdf
AlleghenySunday207,207,Allegheny,1 of 1,17,Sunday,https://www4.septa.org/picking/pdf/fall-a-2026/allegheny/paddles/sunday-paddles.pdf#page=17,https://www4.septa.org/picking/pdf/fall-a-2026/allegheny/paddles/sunday-paddles#page=17.pdf,https://www4.septa.org/picking/pdf/fall-a-2026/allegheny/trip-sheets/sunday-trip-sheets.pdf
AlleghenySunday208,208,Allegheny,1 of 1,18,Sunday,https://www4.septa.org/picking/pdf/fall-a-2026/allegheny/paddles/sunday-paddles.pdf#page=18,https://www4.septa.org/picking/pdf/fall-a-2026/allegheny/paddles/sunday-paddles#page=18.pdf,https://www4.septa.org/picking/pdf/fall-a-2026/allegheny/trip-sheets/sunday-trip-sheets.pdf
AlleghenySunday251,251,Allegheny,1 of 2,19,Sunday,https://www4.septa.org/picking/pdf/fall-a-2026/allegheny/paddles/sunday-paddles.pdf#page=19,https://www4.septa.org/picking/pdf/fall-a-2026/allegheny/paddles/sunday-paddles#page=19.pdf,https://www4.septa.org/picking/pdf/fall-a-2026/allegheny/trip-sheets/sunday-trip-sheets.pdf
AlleghenySunday252,252,Allegheny,1 of 1,21,Sunday,https://www4.septa.org/picking/pdf/fall-a-2026/allegheny/paddles/sunday-paddles.pdf#page=21,https://www4.septa.org/picking/pdf/fall-a-2026/allegheny/paddles/sunday-paddles#page=21.pdf,https://www4.septa.org/picking/pdf/fall-a-2026/allegheny/trip-sheets/sunday-trip-sheets.pdf
AlleghenySunday253,253,Allegheny,1 of 1,22,Sunday,https://www4.septa.org/picking/pdf/fall-a-2026/allegheny/paddles/sunday-paddles.pdf#page=22,https://www4.septa.org/picking/pdf/fall-a-2026/allegheny/paddles/sunday-paddles#page=22.pdf,https://www4.septa.org/picking/pdf/fall-a-2026/allegheny/trip-sheets/sunday-trip-sheets.pdf
AlleghenySunday254,254,Allegheny,1 of 2,23,Sunday,https://www4.septa.org/picking/pdf/fall-a-2026/allegheny/paddles/sunday-paddles.pdf#page=23,https://www4.septa.org/picking/pdf/fall-a-2026/allegheny/paddles/sunday-paddles#page=23.pdf,https://www4.septa.org/picking/pdf/fall-a-2026/allegheny/trip-sheets/sunday-trip-sheets.pdf
AlleghenySunday255,255,Allegheny,1 of 2,25,Sunday,https://www4.septa.org/picking/pdf/fall-a-2026/allegheny/paddles/sunday-paddles.pdf#page=25,https://www4.septa.org/picking/pdf/fall-a-2026/allegheny/paddles/sunday-paddles#page=25.pdf,https://www4.septa.org/picking/pdf/fall-a-2026/allegheny/trip-sheets/sunday-trip-sheets.pdf
AlleghenySunday256,256,Allegheny,1 of 1,27,Sunday,https://www4.septa.org/picking/pdf/fall-a-2026/allegheny/paddles/sunday-paddles.pdf#page=27,https://www4.septa.org/picking/pdf/fall-a-2026/allegheny/paddles/sunday-paddles#page=27.pdf,https://www4.septa.org/picking/pdf/fall-a-2026/allegheny/trip-sheets/sunday-trip-sheets.pdf
AlleghenySunday401,401,Allegheny,1 of 1,28,Sunday,https://www4.septa.org/picking/pdf/fall-a-2026/allegheny/paddles/sunday-paddles.pdf#page=28,https://www4.septa.org/picking/pdf/fall-a-2026/allegheny/paddles/sunday-paddles#page=28.pdf,https://www4.septa.org/picking/pdf/fall-a-2026/allegheny/trip-sheets/sunday-trip-sheets.pdf
AlleghenySunday402,402,Allegheny,1 of 1,29,Sunday,https://www4.septa.org/picking/pdf/fall-a-2026/allegheny/paddles/sunday-paddles.pdf#page=29,https://www4.septa.org/picking/pdf/fall-a-2026/allegheny/paddles/sunday-paddles#page=29.pdf,https://www4.septa.org/picking/pdf/fall-a-2026/allegheny/trip-sheets/sunday-trip-sheets.pdf
AlleghenySunday403,403,Allegheny,1 of 1,30,Sunday,https://www4.septa.org/picking/pdf/fall-a-2026/allegheny/paddles/sunday-paddles.pdf#page=30,https://www4.septa.org/picking/pdf/fall-a-2026/allegheny/paddles/sunday-paddles#page=30.pdf,https://www4.septa.org/picking/pdf/fall-a-2026/allegheny/trip-sheets/sunday-trip-sheets.pdf
AlleghenySunday404,404,Allegheny,1 of 1,31,Sunday,https://www4.septa.org/picking/pdf/fall-a-2026/allegheny/paddles/sunday-paddles.pdf#page=31,https://www4.septa.org/picking/pdf/fall-a-2026/allegheny/paddles/sunday-paddles#page=31.pdf,https://www4.septa.org/picking/pdf/fall-a-2026/allegheny/trip-sheets/sunday-trip-sheets.pdf
AlleghenySunday405,405,Allegheny,1 of 1,32,Sunday,https://www4.septa.org/picking/pdf/fall-a-2026/allegheny/paddles/sunday-paddles.pdf#page=32,https://www4.septa.org/picking/pdf/fall-a-2026/allegheny/paddles/sunday-paddles#page=32.pdf,https://www4.septa.org/picking/pdf/fall-a-2026/allegheny/trip-sheets/sunday-trip-sheets.pdf
AlleghenySunday406,406,Allegheny,1 of 1,33,Sunday,https://www4.septa.org/picking/pdf/fall-a-2026/allegheny/paddles/sunday-paddles.pdf#page=33,https://www4.septa.org/picking/pdf/fall-a-2026/allegheny/paddles/sunday-paddles#page=33.pdf,https://www4.septa.org/picking/pdf/fall-a-2026/allegheny/trip-sheets/sunday-trip-sheets.pdf
AlleghenySunday407,407,Allegheny,1 of 1,34,Sunday,https://www4.septa.org/picking/pdf/fall-a-2026/allegheny/paddles/sunday-paddles.pdf#page=34,https://www4.septa.org/picking/pdf/fall-a-2026/allegheny/paddles/sunday-paddles#page=34.pdf,https://www4.septa.org/picking/pdf/fall-a-2026/allegheny/trip-sheets/sunday-trip-sheets.pdf
AlleghenySunday408,408,Allegheny,1 of 1,35,Sunday,https://www4.septa.org/picking/pdf/fall-a-2026/allegheny/paddles/sunday-paddles.pdf#page=35,https://www4.septa.org/picking/pdf/fall-a-2026/allegheny/paddles/sunday-paddles#page=35.pdf,https://www4.septa.org/picking/pdf/fall-a-2026/allegheny/trip-sheets/sunday-trip-sheets.pdf
AlleghenySunday409,409,Allegheny,1 of 1,36,Sunday,https://www4.septa.org/picking/pdf/fall-a-2026/allegheny/paddles/sunday-paddles.pdf#page=36,https://www4.septa.org/picking/pdf/fall-a-2026/allegheny/paddles/sunday-paddles#page=36.pdf,https://www4.septa.org/picking/pdf/fall-a-2026/allegheny/trip-sheets/sunday-trip-sheets.pdf
AlleghenySunday410,410,Allegheny,1 of 1,37,Sunday,https://www4.septa.org/picking/pdf/fall-a-2026/allegheny/paddles/sunday-paddles.pdf#page=37,https://www4.septa.org/picking/pdf/fall-a-2026/allegheny/paddles/sunday-paddles#page=37.pdf,https://www4.septa.org/picking/pdf/fall-a-2026/allegheny/trip-sheets/sunday-trip-sheets.pdf
AlleghenySunday501,501,Allegheny,1 of 2,38,Sunday,https://www4.septa.org/picking/pdf/fall-a-2026/allegheny/paddles/sunday-paddles.pdf#page=38,https://www4.septa.org/picking/pdf/fall-a-2026/allegheny/paddles/sunday-paddles#page=38.pdf,https://www4.septa.org/picking/pdf/fall-a-2026/allegheny/trip-sheets/sunday-trip-sheets.pdf
AlleghenySunday502,502,Allegheny,1 of 1,40,Sunday,https://www4.septa.org/picking/pdf/fall-a-2026/allegheny/paddles/sunday-paddles.pdf#page=40,https://www4.septa.org/picking/pdf/fall-a-2026/allegheny/paddles/sunday-paddles#page=40.pdf,https://www4.septa.org/picking/pdf/fall-a-2026/allegheny/trip-sheets/sunday-trip-sheets.pdf
AlleghenySunday503,503,Allegheny,1 of 1,41,Sunday,https://www4.septa.org/picking/pdf/fall-a-2026/allegheny/paddles/sunday-paddles.pdf#page=41,https://www4.septa.org/picking/pdf/fall-a-2026/allegheny/paddles/sunday-paddles#page=41.pdf,https://www4.septa.org/picking/pdf/fall-a-2026/allegheny/trip-sheets/sunday-trip-sheets.pdf
AlleghenySunday504,504,Allegheny,1 of 1,42,Sunday,https://www4.septa.org/picking/pdf/fall-a-2026/allegheny/paddles/sunday-paddles.pdf#page=42,https://www4.septa.org/picking/pdf/fall-a-2026/allegheny/paddles/sunday-paddles#page=42.pdf,https://www4.septa.org/picking/pdf/fall-a-2026/allegheny/trip-sheets/sunday-trip-sheets.pdf
AlleghenySunday505,505,Allegheny,1 of 1,43,Sunday,https://www4.septa.org/picking/pdf/fall-a-2026/allegheny/paddles/sunday-paddles.pdf#page=43,https://www4.septa.org/picking/pdf/fall-a-2026/allegheny/paddles/sunday-paddles#page=43.pdf,https://www4.septa.org/picking/pdf/fall-a-2026/allegheny/trip-sheets/sunday-trip-sheets.pdf
AlleghenySunday506,506,Allegheny,1 of 1,44,Sunday,https://www4.septa.org/picking/pdf/fall-a-2026/allegheny/paddles/sunday-paddles.pdf#page=44,https://www4.septa.org/picking/pdf/fall-a-2026/allegheny/paddles/sunday-paddles#page=44.pdf,https://www4.septa.org/picking/pdf/fall-a-2026/allegheny/trip-sheets/sunday-trip-sheets.pdf
AlleghenySunday507,507,Allegheny,1 of 2,45,Sunday,https://www4.septa.org/picking/pdf/fall-a-2026/allegheny/paddles/sunday-paddles.pdf#page=45,https://www4.septa.org/picking/pdf/fall-a-2026/allegheny/paddles/sunday-paddles#page=45.pdf,https://www4.septa.org/picking/pdf/fall-a-2026/allegheny/trip-sheets/sunday-trip-sheets.pdf
AlleghenySunday508,508,Allegheny,1 of 2,47,Sunday,https://www4.septa.org/picking/pdf/fall-a-2026/allegheny/paddles/sunday-paddles.pdf#page=47,https://www4.septa.org/picking/pdf/fall-a-2026/allegheny/paddles/sunday-paddles#page=47.pdf,https://www4.septa.org/picking/pdf/fall-a-2026/allegheny/trip-sheets/sunday-trip-sheets.pdf
AlleghenySunday509,509,Allegheny,1 of 1,49,Sunday,https://www4.septa.org/picking/pdf/fall-a-2026/allegheny/paddles/sunday-paddles.pdf#page=49,https://www4.septa.org/picking/pdf/fall-a-2026/allegheny/paddles/sunday-paddles#page=49.pdf,https://www4.septa.org/picking/pdf/fall-a-2026/allegheny/trip-sheets/sunday-trip-sheets.pdf
AlleghenySunday510,510,Allegheny,1 of 2,50,Sunday,https://www4.septa.org/picking/pdf/fall-a-2026/allegheny/paddles/sunday-paddles.pdf#page=50,https://www4.septa.org/picking/pdf/fall-a-2026/allegheny/paddles/sunday-paddles#page=50.pdf,https://www4.septa.org/picking/pdf/fall-a-2026/allegheny/trip-sheets/sunday-trip-sheets.pdf
AlleghenySunday511,511,Allegheny,1 of 1,52,Sunday,https://www4.septa.org/picking/pdf/fall-a-2026/allegheny/paddles/sunday-paddles.pdf#page=52,https://www4.septa.org/picking/pdf/fall-a-2026/allegheny/paddles/sunday-paddles#page=52.pdf,https://www4.septa.org/picking/pdf/fall-a-2026/allegheny/trip-sheets/sunday-trip-sheets.pdf
AlleghenySunday512,512,Allegheny,1 of 1,53,Sunday,https://www4.septa.org/picking/pdf/fall-a-2026/allegheny/paddles/sunday-paddles.pdf#page=53,https://www4.septa.org/picking/pdf/fall-a-2026/allegheny/paddles/sunday-paddles#page=53.pdf,https://www4.septa.org/picking/pdf/fall-a-2026/allegheny/trip-sheets/sunday-trip-sheets.pdf
AlleghenySunday513,513,Allegheny,1 of 1,54,Sunday,https://www4.septa.org/picking/pdf/fall-a-2026/allegheny/paddles/sunday-paddles.pdf#page=54,https://www4.septa.org/picking/pdf/fall-a-2026/allegheny/paddles/sunday-paddles#page=54.pdf,https://www4.septa.org/picking/pdf/fall-a-2026/allegheny/trip-sheets/sunday-trip-sheets.pdf
AlleghenySunday651,651,Allegheny,1 of 2,55,Sunday,https://www4.septa.org/picking/pdf/fall-a-2026/allegheny/paddles/sunday-paddles.pdf#page=55,https://www4.septa.org/picking/pdf/fall-a-2026/allegheny/paddles/sunday-paddles#page=55.pdf,https://www4.septa.org/picking/pdf/fall-a-2026/allegheny/trip-sheets/sunday-trip-sheets.pdf
AlleghenySunday652,652,Allegheny,1 of 2,57,Sunday,https://www4.septa.org/picking/pdf/fall-a-2026/allegheny/paddles/sunday-paddles.pdf#page=57,https://www4.septa.org/picking/pdf/fall-a-2026/allegheny/paddles/sunday-paddles#page=57.pdf,https://www4.septa.org/picking/pdf/fall-a-2026/allegheny/trip-sheets/sunday-trip-sheets.pdf
AlleghenySunday653,653,Allegheny,1 of 2,59,Sunday,https://www4.septa.org/picking/pdf/fall-a-2026/allegheny/paddles/sunday-paddles.pdf#page=59,https://www4.septa.org/picking/pdf/fall-a-2026/allegheny/paddles/sunday-paddles#page=59.pdf,https://www4.septa.org/picking/pdf/fall-a-2026/allegheny/trip-sheets/sunday-trip-sheets.pdf
AlleghenySunday654,654,Allegheny,1 of 2,61,Sunday,https://www4.septa.org/picking/pdf/fall-a-2026/allegheny/paddles/sunday-paddles.pdf#page=61,https://www4.septa.org/picking/pdf/fall-a-2026/allegheny/paddles/sunday-paddles#page=61.pdf,https://www4.septa.org/picking/pdf/fall-a-2026/allegheny/trip-sheets/sunday-trip-sheets.pdf
AlleghenySunday655,655,Allegheny,1 of 2,63,Sunday,https://www4.septa.org/picking/pdf/fall-a-2026/allegheny/paddles/sunday-paddles.pdf#page=63,https://www4.septa.org/picking/pdf/fall-a-2026/allegheny/paddles/sunday-paddles#page=63.pdf,https://www4.septa.org/picking/pdf/fall-a-2026/allegheny/trip-sheets/sunday-trip-sheets.pdf
AlleghenySunday656,656,Allegheny,1 of 2,65,Sunday,https://www4.septa.org/picking/pdf/fall-a-2026/allegheny/paddles/sunday-paddles.pdf#page=65,https://www4.septa.org/picking/pdf/fall-a-2026/allegheny/paddles/sunday-paddles#page=65.pdf,https://www4.septa.org/picking/pdf/fall-a-2026/allegheny/trip-sheets/sunday-trip-sheets.pdf
AlleghenySunday657,657,Allegheny,1 of 2,67,Sunday,https://www4.septa.org/picking/pdf/fall-a-2026/allegheny/paddles/sunday-paddles.pdf#page=67,https://www4.septa.org/picking/pdf/fall-a-2026/allegheny/paddles/sunday-paddles#page=67.pdf,https://www4.septa.org/picking/pdf/fall-a-2026/allegheny/trip-sheets/sunday-trip-sheets.pdf
AlleghenySunday658,658,Allegheny,1 of 2,69,Sunday,https://www4.septa.org/picking/pdf/fall-a-2026/allegheny/paddles/sunday-paddles.pdf#page=69,https://www4.septa.org/picking/pdf/fall-a-2026/allegheny/paddles/sunday-paddles#page=69.pdf,https://www4.septa.org/picking/pdf/fall-a-2026/allegheny/trip-sheets/sunday-trip-sheets.pdf
AlleghenySunday659,659,Allegheny,1 of 1,71,Sunday,https://www4.septa.org/picking/pdf/fall-a-2026/allegheny/paddles/sunday-paddles.pdf#page=71,https://www4.septa.org/picking/pdf/fall-a-2026/allegheny/paddles/sunday-paddles#page=71.pdf,https://www4.septa.org/picking/pdf/fall-a-2026/allegheny/trip-sheets/sunday-trip-sheets.pdf
AlleghenySunday660,660,Allegheny,1 of 2,72,Sunday,https://www4.septa.org/picking/pdf/fall-a-2026/allegheny/paddles/sunday-paddles.pdf#page=72,https://www4.septa.org/picking/pdf/fall-a-2026/allegheny/paddles/sunday-paddles#page=72.pdf,https://www4.septa.org/picking/pdf/fall-a-2026/allegheny/trip-sheets/sunday-trip-sheets.pdf
AlleghenySunday661,661,Allegheny,1 of 2,74,Sunday,https://www4.septa.org/picking/pdf/fall-a-2026/allegheny/paddles/sunday-paddles.pdf#page=74,https://www4.septa.org/picking/pdf/fall-a-2026/allegheny/paddles/sunday-paddles#page=74.pdf,https://www4.septa.org/picking/pdf/fall-a-2026/allegheny/trip-sheets/sunday-trip-sheets.pdf
AlleghenySunday662,662,Allegheny,1 of 2,76,Sunday,https://www4.septa.org/picking/pdf/fall-a-2026/allegheny/paddles/sunday-paddles.pdf#page=76,https://www4.septa.org/picking/pdf/fall-a-2026/allegheny/paddles/sunday-paddles#page=76.pdf,https://www4.septa.org/picking/pdf/fall-a-2026/allegheny/trip-sheets/sunday-trip-sheets.pdf
AlleghenySunday663,663,Allegheny,1 of 2,78,Sunday,https://www4.septa.org/picking/pdf/fall-a-2026/allegheny/paddles/sunday-paddles.pdf#page=78,https://www4.septa.org/picking/pdf/fall-a-2026/allegheny/paddles/sunday-paddles#page=78.pdf,https://www4.septa.org/picking/pdf/fall-a-2026/allegheny/trip-sheets/sunday-trip-sheets.pdf
AlleghenySunday664,664,Allegheny,1 of 2,80,Sunday,https://www4.septa.org/picking/pdf/fall-a-2026/allegheny/paddles/sunday-paddles.pdf#page=80,https://www4.septa.org/picking/pdf/fall-a-2026/allegheny/paddles/sunday-paddles#page=80.pdf,https://www4.septa.org/picking/pdf/fall-a-2026/allegheny/trip-sheets/sunday-trip-sheets.pdf
AlleghenySunday665,665,Allegheny,1 of 2,82,Sunday,https://www4.septa.org/picking/pdf/fall-a-2026/allegheny/paddles/sunday-paddles.pdf#page=82,https://www4.septa.org/picking/pdf/fall-a-2026/allegheny/paddles/sunday-paddles#page=82.pdf,https://www4.septa.org/picking/pdf/fall-a-2026/allegheny/trip-sheets/sunday-trip-sheets.pdf
AlleghenySunday666,666,Allegheny,1 of 2,84,Sunday,https://www4.septa.org/picking/pdf/fall-a-2026/allegheny/paddles/sunday-paddles.pdf#page=84,https://www4.septa.org/picking/pdf/fall-a-2026/allegheny/paddles/sunday-paddles#page=84.pdf,https://www4.septa.org/picking/pdf/fall-a-2026/allegheny/trip-sheets/sunday-trip-sheets.pdf
AlleghenySunday801,801,Allegheny,1 of 2,86,Sunday,https://www4.septa.org/picking/pdf/fall-a-2026/allegheny/paddles/sunday-paddles.pdf#page=86,https://www4.septa.org/picking/pdf/fall-a-2026/allegheny/paddles/sunday-paddles#page=86.pdf,https://www4.septa.org/picking/pdf/fall-a-2026/allegheny/trip-sheets/sunday-trip-sheets.pdf
AlleghenySunday802,802,Allegheny,1 of 2,88,Sunday,https://www4.septa.org/picking/pdf/fall-a-2026/allegheny/paddles/sunday-paddles.pdf#page=88,https://www4.septa.org/picking/pdf/fall-a-2026/allegheny/paddles/sunday-paddles#page=88.pdf,https://www4.septa.org/picking/pdf/fall-a-2026/allegheny/trip-sheets/sunday-trip-sheets.pdf
AlleghenySunday803,803,Allegheny,1 of 2,90,Sunday,https://www4.septa.org/picking/pdf/fall-a-2026/allegheny/paddles/sunday-paddles.pdf#page=90,https://www4.septa.org/picking/pdf/fall-a-2026/allegheny/paddles/sunday-paddles#page=90.pdf,https://www4.septa.org/picking/pdf/fall-a-2026/allegheny/trip-sheets/sunday-trip-sheets.pdf
AlleghenySunday804,804,Allegheny,1 of 2,92,Sunday,https://www4.septa.org/picking/pdf/fall-a-2026/allegheny/paddles/sunday-paddles.pdf#page=92,https://www4.septa.org/picking/pdf/fall-a-2026/allegheny/paddles/sunday-paddles#page=92.pdf,https://www4.septa.org/picking/pdf/fall-a-2026/allegheny/trip-sheets/sunday-trip-sheets.pdf
AlleghenySunday951,951,Allegheny,1 of 2,94,Sunday,https://www4.septa.org/picking/pdf/fall-a-2026/allegheny/paddles/sunday-paddles.pdf#page=94,https://www4.septa.org/picking/pdf/fall-a-2026/allegheny/paddles/sunday-paddles#page=94.pdf,https://www4.septa.org/picking/pdf/fall-a-2026/allegheny/trip-sheets/sunday-trip-sheets.pdf
AlleghenySunday952,952,Allegheny,1 of 2,96,Sunday,https://www4.septa.org/picking/pdf/fall-a-2026/allegheny/paddles/sunday-paddles.pdf#page=96,https://www4.septa.org/picking/pdf/fall-a-2026/allegheny/paddles/sunday-paddles#page=96.pdf,https://www4.septa.org/picking/pdf/fall-a-2026/allegheny/trip-sheets/sunday-trip-sheets.pdf
AlleghenySunday953,953,Allegheny,1 of 2,98,Sunday,https://www4.septa.org/picking/pdf/fall-a-2026/allegheny/paddles/sunday-paddles.pdf#page=98,https://www4.septa.org/picking/pdf/fall-a-2026/allegheny/paddles/sunday-paddles#page=98.pdf,https://www4.septa.org/picking/pdf/fall-a-2026/allegheny/trip-sheets/sunday-trip-sheets.pdf
AlleghenySunday954,954,Allegheny,1 of 2,100,Sunday,https://www4.septa.org/picking/pdf/fall-a-2026/allegheny/paddles/sunday-paddles.pdf#page=100,https://www4.septa.org/picking/pdf/fall-a-2026/allegheny/paddles/sunday-paddles#page=100.pdf,https://www4.septa.org/picking/pdf/fall-a-2026/allegheny/trip-sheets/sunday-trip-sheets.pdf
AlleghenySunday955,955,Allegheny,1 of 2,102,Sunday,https://www4.septa.org/picking/pdf/fall-a-2026/allegheny/paddles/sunday-paddles.pdf#page=102,https://www4.septa.org/picking/pdf/fall-a-2026/allegheny/paddles/sunday-paddles#page=102.pdf,https://www4.septa.org/picking/pdf/fall-a-2026/allegheny/trip-sheets/sunday-trip-sheets.pdf
AlleghenySunday956,956,Allegheny,1 of 2,104,Sunday,https://www4.septa.org/picking/pdf/fall-a-2026/allegheny/paddles/sunday-paddles.pdf#page=104,https://www4.septa.org/picking/pdf/fall-a-2026/allegheny/paddles/sunday-paddles#page=104.pdf,https://www4.septa.org/picking/pdf/fall-a-2026/allegheny/trip-sheets/sunday-trip-sheets.pdf
